end_time,time_step,sensor,speed,altitude,Pdetect,target_x,target_y,Time_to_Detect_hrs,Cost_($M),mission_type,Targets_Found,treatment,replicate
18,0.000277778,a,0.4,5000,0.5,55.07979026,24.29781797,,4.8,0,0,0,3
18,0.000277778,b,0.4,5000,0.5,70.81478226,47.95073048,4.582363418,5.75,0,1,1,3
18,0.000277778,c,0.4,5000,0.5,29.09047389,0.074552204,,14.75,0,0,2,3
18,0.000277778,a,0.566666667,5000,0.5,51.08276052,3.031136052,,7.022222222,0,0,3,3
18,0.000277778,b,0.566666667,5000,0.5,89.29469543,46.15481516,,7.972222222,0,0,4,3
18,0.000277778,c,0.566666667,5000,0.5,89.62930889,16.25206849,5.281570256,16.97222222,0,1,5,3
18,0.000277778,a,0.733333333,5000,0.5,12.55853105,67.95018038,,12.02222222,0,0,6,3
18,0.000277778,b,0.733333333,5000,0.5,20.72428781,79.52045872,5.097147723,12.97222222,0,1,7,3
18,0.000277778,c,0.733333333,5000,0.5,5.14672033,57.81633587,,21.97222222,0,0,8,3
18,0.000277778,a,0.9,5000,0.5,44.08098437,69.47649772,,19.8,0,0,9,3
18,0.000277778,b,0.9,5000,0.5,2.987621088,39.09580157,,20.75,0,0,10,3
18,0.000277778,c,0.9,5000,0.5,45.68332244,4.629620299,,29.75,0,0,11,3
18,0.000277778,a,0.4,9000,0.5,64.91440476,43.94215326,3.014888177,5.68,0,1,12,3
18,0.000277778,b,0.4,9000,0.5,27.84872826,37.19803122,3.045999288,6.63,0,1,13,3
18,0.000277778,c,0.4,9000,0.5,67.6254902,59.70032422,1.412665955,15.63,0,1,14,3
18,0.000277778,a,0.566666667,9000,0.5,59.08628174,13.42181697,,7.902222222,0,0,15,3
18,0.000277778,b,0.566666667,9000,0.5,2.398188238,22.77128967,,8.852222222,0,0,16,3
18,0.000277778,c,0.566666667,9000,0.5,55.8854088,81.47824165,1.945133485,17.85222222,0,1,17,3
18,0.000277778,a,0.733333333,9000,0.5,25.92524469,26.43255266,,12.90222222,0,0,18,3
18,0.000277778,b,0.733333333,9000,0.5,41.5101197,41.03202049,0.421605672,13.85222222,0,1,19,3
18,0.000277778,c,0.733333333,9000,0.5,28.35250818,93.59721765,2.880216783,22.85222222,0,1,20,3
18,0.000277778,a,0.9,9000,0.5,69.31379183,27.5552463,,20.68,0,0,21,3
18,0.000277778,b,0.9,9000,0.5,44.04537177,14.52899589,,21.63,0,0,22,3
18,0.000277778,c,0.9,9000,0.5,15.68677385,70.20201293,1.516154005,30.63,0,1,23,3
18,0.000277778,a,0.4,13000,0.5,54.4649018,56.70665504,0.706116815,7.52,0,1,24,3
18,0.000277778,b,0.4,13000,0.5,78.03147645,61.15938355,3.555283482,8.47,0,1,25,3
18,0.000277778,c,0.4,13000,0.5,30.63635324,4.203085099,4.260283482,17.47,0,1,26,3
18,0.000277778,a,0.566666667,13000,0.5,22.19578839,41.72668948,4.724317752,9.742222222,0,1,27,3
18,0.000277778,b,0.566666667,13000,0.5,38.79712576,0.426643417,,10.69222222,0,0,28,3
18,0.000277778,c,0.566666667,13000,0.5,93.63836499,24.65354689,3.137651085,19.69222222,0,1,29,3
18,0.000277778,a,0.733333333,13000,0.5,97.59954225,70.60561836,,14.74222222,0,0,30,3
18,0.000277778,b,0.733333333,13000,0.5,67.23836759,6.154071592,4.582225333,15.69222222,0,1,31,3
18,0.000277778,c,0.733333333,13000,0.5,90.28341085,29.46934986,2.011947556,24.69222222,0,1,32,3
18,0.000277778,a,0.9,13000,0.5,84.57508713,98.81127528,,22.52,0,0,33,3
18,0.000277778,b,0.9,13000,0.5,37.79940413,97.12222302,,23.47,0,0,34,3
18,0.000277778,c,0.9,13000,0.5,9.221700887,48.18463887,1.507286486,32.47,0,1,35,3
18,0.000277778,a,0.4,17000,0.5,65.34109025,73.56933865,3.915220253,10.32,0,1,36,3
18,0.000277778,b,0.4,17000,0.5,55.78407624,63.26557742,0.832998031,11.27,0,1,37,3
18,0.000277778,c,0.4,17000,0.5,36.15647631,46.56930714,0.520498031,20.27,0,1,38,3
18,0.000277778,a,0.566666667,17000,0.5,22.50545048,85.70664326,6.134959394,12.54222222,0,1,39,3
18,0.000277778,b,0.566666667,17000,0.5,40.65199164,17.25182522,2.697459394,13.49222222,0,1,40,3
18,0.000277778,c,0.566666667,17000,0.5,46.89402487,82.84319222,1.381903839,22.49222222,0,1,41,3
18,0.000277778,a,0.733333333,17000,0.5,26.92355783,4.206952346,7.607064583,17.54222222,0,1,42,3
18,0.000277778,b,0.733333333,17000,0.5,29.17927742,86.69536918,2.281509027,18.49222222,0,1,43,3
18,0.000277778,c,0.733333333,17000,0.5,45.76863993,67.59965875,0.375953471,27.49222222,0,1,44,3
18,0.000277778,a,0.9,17000,0.5,86.05339129,44.59141099,4.047906532,25.32,0,1,45,3
18,0.000277778,b,0.9,17000,0.5,58.62529045,67.15702476,0.476795421,26.27,0,1,46,3
18,0.000277778,c,0.9,17000,0.5,28.34878624,46.03685039,0.494295421,35.27,0,1,47,3
18,0.000277778,a,0.4,21000,0.5,27.79775066,78.00032224,4.436130816,14.08,0,1,48,3
18,0.000277778,b,0.4,21000,0.5,45.46220755,11.34440839,4.034741927,15.03,0,1,49,3
18,0.000277778,c,0.4,21000,0.5,20.54103446,50.81574288,1.294186371,24.03,0,1,50,3
18,0.000277778,a,0.566666667,21000,0.5,20.1378711,87.14895399,5.134589073,16.30222222,0,1,51,3
18,0.000277778,b,0.566666667,21000,0.5,51.40350598,92.75292758,3.094033517,17.25222222,0,1,52,3
18,0.000277778,c,0.566666667,21000,0.5,8.722936878,22.03363315,1.848755739,26.25222222,0,1,53,3
18,0.000277778,a,0.733333333,21000,0.5,48.35855324,25.19303026,2.013924889,21.30222222,0,1,54,3
18,0.000277778,b,0.733333333,21000,0.5,36.21762124,90.40124716,2.410036001,22.25222222,0,1,55,3
18,0.000277778,c,0.733333333,21000,0.5,70.76866218,34.55173387,0.558091556,31.25222222,0,1,56,3
18,0.000277778,a,0.9,21000,0.5,74.67462231,5.687257405,,29.08,0,0,57,3
18,0.000277778,b,0.9,21000,0.5,69.10929219,71.48866721,0.712477893,30.03,0,1,58,3
18,0.000277778,c,0.9,21000,0.5,68.91804138,41.44188592,0.460811227,39.03,0,1,59,3
18,0.000277778,a,0.4,25000,0.5,37.36001241,73.53241875,2.766159691,18.8,0,1,60,3
18,0.000277778,b,0.4,25000,0.5,66.81348047,47.70916334,1.03004858,19.75,0,1,61,3
18,0.000277778,c,0.4,25000,0.5,33.9848664,50.05655544,0.602270802,28.75,0,1,62,3
18,0.000277778,a,0.566666667,25000,0.5,57.27938699,41.75619104,0.251325141,21.02222222,0,1,63,3
18,0.000277778,b,0.566666667,25000,0.5,32.58071581,29.0484896,0.88771403,21.97222222,0,1,64,3
18,0.000277778,c,0.566666667,25000,0.5,44.51450493,90.07108674,1.41271403,30.97222222,0,1,65,3
18,0.000277778,a,0.733333333,25000,0.5,6.152893083,66.8787578,4.823688114,26.02222222,0,1,66,3
18,0.000277778,b,0.733333333,25000,0.5,24.26754222,78.88323433,1.084799225,26.97222222,0,1,67,3
18,0.000277778,c,0.733333333,25000,0.5,97.16026062,89.57395311,1.454521448,35.97222222,0,1,68,3
18,0.000277778,a,0.9,25000,0.5,23.05842044,25.01889424,1.703817887,33.8,0,1,69,3
18,0.000277778,b,0.9,25000,0.5,69.14775109,91.9820614,1.627984554,34.75,0,1,70,3
18,0.000277778,c,0.9,25000,0.5,65.04768582,86.26050873,0.582984554,43.75,0,1,71,3
18,0.000277778,a,0.4,5000,0.5,72.39391394,50.60852621,,4.8,1,0,72,3
18,0.000277778,b,0.4,5000,0.5,47.50886106,56.79021741,,5.75,1,0,73,3
18,0.000277778,c,0.4,5000,0.5,59.66637746,11.4932238,,14.75,1,0,74,3
18,0.000277778,a,0.566666667,5000,0.5,6.696942393,76.21158406,,7.022222222,1,0,75,3
18,0.000277778,b,0.566666667,5000,0.5,7.256213782,17.32250072,,7.972222222,1,0,76,3
18,0.000277778,c,0.566666667,5000,0.5,19.89760263,53.3836041,,16.97222222,1,0,77,3
18,0.000277778,a,0.733333333,5000,0.5,15.1860997,12.64373052,,12.02222222,1,0,78,3
18,0.000277778,b,0.733333333,5000,0.5,10.01043446,7.291709358,,12.97222222,1,0,79,3
18,0.000277778,c,0.733333333,5000,0.5,12.92938646,60.90274438,,21.97222222,1,0,80,3
18,0.000277778,a,0.9,5000,0.5,55.32777318,49.12031296,0.358951643,19.8,1,1,81,3
18,0.000277778,b,0.9,5000,0.5,18.78148249,67.48099347,,20.75,1,0,82,3
18,0.000277778,c,0.9,5000,0.5,95.2101243,79.08541831,,29.75,1,0,83,3
18,0.000277778,a,0.4,9000,0.5,68.16117788,98.26874926,,5.68,1,0,84,3
18,0.000277778,b,0.4,9000,0.5,54.10196734,8.408068108,,6.63,1,0,85,3
18,0.000277778,c,0.4,9000,0.5,70.71806008,63.12121124,,15.63,1,0,86,3
18,0.000277778,a,0.566666667,9000,0.5,26.3886671,57.69748954,,7.902222222,1,0,87,3
18,0.000277778,b,0.566666667,9000,0.5,92.67256843,65.06421768,2.275966818,8.852222222,1,1,88,3
18,0.000277778,c,0.566666667,9000,0.5,83.91930578,54.31794548,1.847077929,17.85222222,1,1,89,3
18,0.000277778,a,0.733333333,9000,0.5,72.63194984,55.73673875,,12.90222222,1,0,90,3
18,0.000277778,b,0.733333333,9000,0.5,48.02399561,86.85546336,2.776605672,13.85222222,1,1,91,3
18,0.000277778,c,0.733333333,9000,0.5,84.21031859,45.20116164,1.704939006,22.85222222,1,1,92,3
18,0.000277778,a,0.9,9000,0.5,74.47523234,53.49755786,,20.68,1,0,93,3
18,0.000277778,b,0.9,9000,0.5,66.03259064,69.09637038,0.871431782,21.63,1,1,94,3
18,0.000277778,c,0.9,9000,0.5,91.3975267,8.94949914,0.103931782,30.63,1,1,95,3
18,0.000277778,a,0.4,13000,0.5,63.36655638,43.19253189,1.066672371,7.52,1,1,96,3
18,0.000277778,b,0.4,13000,0.5,36.59405849,10.21342207,,8.47,1,0,97,3
18,0.000277778,c,0.4,13000,0.5,55.28445732,13.78098929,,17.47,1,0,98,3
18,0.000277778,a,0.566666667,13000,0.5,19.63805767,0.212555847,,9.742222222,1,0,99,3
18,0.000277778,b,0.566666667,13000,0.5,19.20722964,20.97064362,,10.69222222,1,0,100,3
18,0.000277778,c,0.566666667,13000,0.5,72.56696239,21.66372624,1.63209553,19.69222222,1,1,101,3
18,0.000277778,a,0.733333333,13000,0.5,78.49367034,51.62444812,2.766947556,14.74222222,1,1,102,3
18,0.000277778,b,0.733333333,13000,0.5,97.20983637,57.02082385,3.462225333,15.69222222,1,1,103,3
18,0.000277778,c,0.733333333,13000,0.5,85.0971417,82.39611805,1.350280889,24.69222222,1,1,104,3
18,0.000277778,a,0.9,13000,0.5,54.35943266,48.67111888,0.225064263,22.52,1,1,105,3
18,0.000277778,b,0.9,13000,0.5,8.979086952,89.14545989,,23.47,1,0,106,3
18,0.000277778,c,0.9,13000,0.5,48.88732446,39.50607898,0.22423093,32.47,1,1,107,3
18,0.000277778,a,0.4,17000,0.5,92.79363476,74.46114471,5.601331364,10.32,1,1,108,3
18,0.000277778,b,0.4,17000,0.5,78.76181995,55.27572624,4.479664698,11.27,1,1,109,3
18,0.000277778,c,0.4,17000,0.5,48.50942261,62.38250858,0.467164698,20.27,1,1,110,3
18,0.000277778,a,0.566666667,17000,0.5,45.52793615,27.03919969,,12.54222222,1,0,111,3
18,0.000277778,b,0.566666667,17000,0.5,21.79857684,93.75950079,,13.49222222,1,0,112,3
18,0.000277778,c,0.566666667,17000,0.5,17.72133808,76.96547154,,22.49222222,1,0,113,3
18,0.000277778,a,0.733333333,17000,0.5,7.362366922,14.55950291,,17.54222222,1,0,114,3
18,0.000277778,b,0.733333333,17000,0.5,89.23931876,53.74343699,5.056231249,18.49222222,1,1,115,3
18,0.000277778,c,0.733333333,17000,0.5,64.01766169,99.57863056,2.760397916,27.49222222,1,1,116,3
18,0.000277778,a,0.9,17000,0.5,14.33323175,4.905633251,,25.32,1,0,117,3
18,0.000277778,b,0.9,17000,0.5,41.41269197,30.28198379,0.835128755,26.27,1,1,118,3
18,0.000277778,c,0.9,17000,0.5,4.91089244,74.08133714,1.557906532,35.27,1,1,119,3
18,0.000277778,a,0.4,21000,0.5,20.93733495,3.936144765,,14.08,1,0,120,3
18,0.000277778,b,0.4,21000,0.5,73.07081241,74.6671091,1.253353038,15.03,1,1,121,3
18,0.000277778,c,0.4,21000,0.5,65.11227704,57.342128,0.690853038,24.03,1,1,122,3
18,0.000277778,a,0.566666667,21000,0.5,47.89782974,73.17056756,1.015422406,16.30222222,1,1,123,3
18,0.000277778,b,0.566666667,21000,0.5,27.47805055,55.08325959,1.563755739,17.25222222,1,1,124,3
18,0.000277778,c,0.566666667,21000,0.5,65.22231251,93.94034783,1.180144628,26.25222222,1,1,125,3
18,0.000277778,a,0.733333333,21000,0.5,95.64495113,34.64017029,,21.30222222,1,0,126,3
18,0.000277778,b,0.733333333,21000,0.5,43.55205562,57.44694599,0.242813778,22.25222222,1,1,127,3
18,0.000277778,c,0.733333333,21000,0.5,7.013250509,5.0779979,,31.25222222,1,0,128,3
18,0.000277778,a,0.9,21000,0.5,5.773148782,55.34328342,,29.08,1,0,129,3
18,0.000277778,b,0.9,21000,0.5,8.28710188,41.93929436,,30.03,1,0,130,3
18,0.000277778,c,0.9,21000,0.5,95.97071873,98.31617878,1.017200116,39.03,1,1,131,3
18,0.000277778,a,0.4,25000,0.5,54.07608362,94.56073188,,18.8,1,0,132,3
18,0.000277778,b,0.4,25000,0.5,83.74624327,13.82794149,,19.75,1,0,133,3
18,0.000277778,c,0.4,25000,0.5,17.00335442,4.161564153,,28.75,1,0,134,3
18,0.000277778,a,0.566666667,25000,0.5,26.03450727,12.06750671,,21.02222222,1,0,135,3
18,0.000277778,b,0.566666667,25000,0.5,69.19775119,19.27469677,2.370491808,21.97222222,1,1,136,3
18,0.000277778,c,0.566666667,25000,0.5,89.55703281,72.61679943,1.297991808,30.97222222,1,1,137,3
18,0.000277778,a,0.733333333,25000,0.5,34.06884845,54.39779535,0.958410337,26.02222222,1,1,138,3
18,0.000277778,b,0.733333333,25000,0.5,6.467319799,53.49253345,,26.97222222,1,0,139,3
18,0.000277778,c,0.733333333,25000,0.5,86.41196694,46.45369795,1.878132559,35.97222222,1,1,140,3
18,0.000277778,a,0.9,25000,0.5,29.08724458,0.669421838,,33.8,1,0,141,3
18,0.000277778,b,0.9,25000,0.5,74.10824064,39.24719135,0.605484554,34.75,1,1,142,3
18,0.000277778,c,0.9,25000,0.5,15.80336547,99.89384413,0.921317887,43.75,1,1,143,3
18,0.000277778,a,0.4,5000,0.5,57.79853741,62.81164822,,4.8,2,7,144,3
18,0.000277778,b,0.4,5000,0.5,63.65678476,52.91442844,,5.75,2,7,145,3
18,0.000277778,c,0.4,5000,0.5,59.08608315,37.85851843,3.183196752,14.75,2,10,146,3
18,0.000277778,a,0.566666667,5000,0.5,44.36430099,66.81877698,,7.022222222,2,1,147,3
18,0.000277778,b,0.566666667,5000,0.5,59.06759006,46.9658899,6.3685147,7.972222222,2,10,148,3
18,0.000277778,c,0.566666667,5000,0.5,35.57868497,54.77309092,,16.97222222,2,7,149,3
18,0.000277778,a,0.733333333,5000,0.5,42.55276461,38.12430627,,12.02222222,2,0,150,3
18,0.000277778,b,0.733333333,5000,0.5,46.78331027,43.12262975,5.417425501,12.97222222,2,10,151,3
18,0.000277778,c,0.733333333,5000,0.5,65.08848156,43.79813852,,21.97222222,2,7,152,3
18,0.000277778,a,0.9,5000,0.5,36.14960834,45.79007482,,19.8,2,2,153,3
18,0.000277778,b,0.9,5000,0.5,65.20499161,30.88927546,,20.75,2,5,154,3
18,0.000277778,c,0.9,5000,0.5,61.95857277,56.41388209,,29.75,2,7,155,3
18,0.000277778,a,0.4,9000,0.5,68.86497188,36.79960072,,5.68,2,2,156,3
18,0.000277778,b,0.4,9000,0.5,44.70811933,54.13201053,1.45822151,6.63,2,10,157,3
18,0.000277778,c,0.4,9000,0.5,38.19759076,54.78321386,1.555443733,15.63,2,10,158,3
18,0.000277778,a,0.566666667,9000,0.5,39.62281281,57.91618986,,7.902222222,2,8,159,3
18,0.000277778,b,0.566666667,9000,0.5,63.11451206,41.67724744,,8.852222222,2,5,160,3
18,0.000277778,c,0.566666667,9000,0.5,68.60912594,41.68127946,1.869577929,17.85222222,2,10,161,3
18,0.000277778,a,0.733333333,9000,0.5,57.95239994,60.22117908,,12.90222222,2,0,162,3
18,0.000277778,b,0.733333333,9000,0.5,49.29988167,45.52896781,,13.85222222,2,9,163,3
18,0.000277778,c,0.733333333,9000,0.5,41.48199059,36.09853044,3.941327895,22.85222222,2,10,164,3
18,0.000277778,a,0.9,9000,0.5,63.34751537,66.21059605,,20.68,2,0,165,3
18,0.000277778,b,0.9,9000,0.5,64.88718034,30.5233124,2.140876227,21.63,2,10,166,3
18,0.000277778,c,0.9,9000,0.5,33.68526367,65.45937631,0.858931782,30.63,2,10,167,3
18,0.000277778,a,0.4,13000,0.5,38.63797884,41.69027104,,7.52,2,0,168,3
18,0.000277778,b,0.4,13000,0.5,63.27044362,45.2730016,,8.47,2,8,169,3
18,0.000277778,c,0.4,13000,0.5,63.93215588,69.1362061,1.940561259,17.47,2,10,170,3
18,0.000277778,a,0.566666667,13000,0.5,42.58611995,47.46702966,7.44709553,9.742222222,2,10,171,3
18,0.000277778,b,0.566666667,13000,0.5,41.17178387,58.63527915,1.004317752,10.69222222,2,10,172,3
18,0.000277778,c,0.566666667,13000,0.5,47.23260088,46.49531068,0.353762196,19.69222222,2,10,173,3
18,0.000277778,a,0.733333333,13000,0.5,51.57786001,66.54143249,,14.74222222,2,7,174,3
18,0.000277778,b,0.733333333,13000,0.5,33.8226726,58.77961997,1.800280889,15.69222222,2,10,175,3
18,0.000277778,c,0.733333333,13000,0.5,63.47648555,49.22767154,2.743336445,24.69222222,2,10,176,3
18,0.000277778,a,0.9,13000,0.5,51.38939481,33.36886596,,22.52,2,9,177,3
18,0.000277778,b,0.9,13000,0.5,60.9987126,44.54535471,0.585064263,23.47,2,10,178,3
18,0.000277778,c,0.9,13000,0.5,39.23345062,49.62426809,0.40673093,32.47,2,10,179,3
18,0.000277778,a,0.4,17000,0.5,68.61173404,41.35456734,,10.32,2,6,180,3
18,0.000277778,b,0.4,17000,0.5,60.04109229,51.38562038,1.045498031,11.27,2,10,181,3
18,0.000277778,c,0.4,17000,0.5,43.72375458,38.38604273,0.811053587,20.27,2,10,182,3
18,0.000277778,a,0.566666667,17000,0.5,67.94110588,49.77318302,,12.54222222,2,7,183,3
18,0.000277778,b,0.566666667,17000,0.5,58.02047116,51.12020781,7.340237172,13.49222222,2,10,184,3
18,0.000277778,c,0.566666667,17000,0.5,63.62244342,56.93438562,0.662181617,22.49222222,2,10,185,3
18,0.000277778,a,0.733333333,17000,0.5,31.81989223,59.8146338,,17.54222222,2,3,186,3
18,0.000277778,b,0.733333333,17000,0.5,32.22566164,59.19894968,0.791509027,18.49222222,2,10,187,3
18,0.000277778,c,0.733333333,17000,0.5,59.70949094,46.96463601,0.339564583,27.49222222,2,10,188,3
18,0.000277778,a,0.9,17000,0.5,42.18745732,48.23809324,0.882073199,25.32,2,10,189,3
18,0.000277778,b,0.9,17000,0.5,50.67137463,64.94028406,0.621239866,26.27,2,10,190,3
18,0.000277778,c,0.9,17000,0.5,36.25049695,44.5115169,0.346795421,35.27,2,10,191,3
18,0.000277778,a,0.4,21000,0.5,69.11809639,59.52131324,,14.08,2,5,192,3
18,0.000277778,b,0.4,21000,0.5,50.11004191,69.76268927,3.077241927,15.03,2,10,193,3
18,0.000277778,c,0.4,21000,0.5,63.16004314,66.99233534,3.83557526,24.03,2,10,194,3
18,0.000277778,a,0.566666667,21000,0.5,32.96151185,51.96947471,,16.30222222,2,3,195,3
18,0.000277778,b,0.566666667,21000,0.5,49.15661809,42.20445547,0.603755739,17.25222222,2,10,196,3
18,0.000277778,c,0.566666667,21000,0.5,32.49117922,54.89250543,0.60736685,26.25222222,2,10,197,3
18,0.000277778,a,0.733333333,21000,0.5,65.36965724,57.37206673,9.901980445,21.30222222,2,10,198,3
18,0.000277778,b,0.733333333,21000,0.5,47.83240715,51.0784902,4.575869334,22.25222222,2,10,199,3
18,0.000277778,c,0.733333333,21000,0.5,32.74199673,43.65906523,0.484758223,31.25222222,2,10,200,3
18,0.000277778,a,0.9,21000,0.5,33.05985129,48.21706285,3.008311227,29.08,2,10,201,3
18,0.000277778,b,0.9,21000,0.5,51.55170632,33.27162972,0.650811227,30.03,2,10,202,3
18,0.000277778,c,0.9,21000,0.5,33.02265618,41.6512882,0.391922338,39.03,2,10,203,3
18,0.000277778,a,0.4,25000,0.5,37.35089272,35.7958702,,18.8,2,5,204,3
18,0.000277778,b,0.4,25000,0.5,47.45428337,56.65922923,7.91004858,19.75,2,10,205,3
18,0.000277778,c,0.4,25000,0.5,49.91131324,68.36936566,0.871993024,28.75,2,10,206,3
18,0.000277778,a,0.566666667,25000,0.5,53.33247661,36.28938732,,21.02222222,2,6,207,3
18,0.000277778,b,0.566666667,25000,0.5,54.82050726,31.13176287,4.517436253,21.97222222,2,10,208,3
18,0.000277778,c,0.566666667,25000,0.5,44.91245999,59.65428677,2.321047364,30.97222222,2,10,209,3
18,0.000277778,a,0.733333333,25000,0.5,54.74946332,44.16657959,,26.02222222,2,9,210,3
18,0.000277778,b,0.733333333,25000,0.5,36.28978634,50.23865107,0.656465892,26.97222222,2,10,211,3
18,0.000277778,c,0.733333333,25000,0.5,41.02033902,32.44192301,1.828965892,35.97222222,2,10,212,3
18,0.000277778,a,0.9,25000,0.5,61.94873082,37.11059787,5.349928999,33.8,2,10,213,3
18,0.000277778,b,0.9,25000,0.5,36.12357203,57.82025168,0.529651221,34.75,2,10,214,3
18,0.000277778,c,0.9,25000,0.5,38.93291892,54.20842478,1.463817887,43.75,2,10,215,3
18,0.000277778,a,0.4,5000,0.5,96.7029839,54.88051183,,4.8,0,0,0,4
18,0.000277778,b,0.4,5000,0.5,54.72322492,59.97974912,1.197918974,5.75,0,1,1,4
18,0.000277778,c,0.4,5000,0.5,97.268436,96.17533177,,14.75,0,0,2,4
18,0.000277778,a,0.566666667,5000,0.5,71.48159937,92.51851312,,7.022222222,0,0,3,4
18,0.000277778,b,0.566666667,5000,0.5,69.77288246,51.09061295,3.2435147,7.972222222,0,1,4,4
18,0.000277778,c,0.566666667,5000,0.5,21.60894956,75.94861402,2.752403589,16.97222222,0,1,5,4
18,0.000277778,a,0.733333333,5000,0.5,97.62744548,97.59052816,,12.02222222,0,0,6,4
18,0.000277778,b,0.733333333,5000,0.5,0.62302552,73.6500264,,12.97222222,0,0,7,4
18,0.000277778,c,0.733333333,5000,0.5,25.29823624,95.3955974,5.385758834,21.97222222,0,1,8,4
18,0.000277778,a,0.9,5000,0.5,43.47915324,93.88939793,,19.8,0,0,9,4
18,0.000277778,b,0.9,5000,0.5,77.93829218,48.17671614,,20.75,0,0,10,4
18,0.000277778,c,0.9,5000,0.5,19.76850746,65.98942309,,29.75,0,0,11,4
18,0.000277778,a,0.4,9000,0.5,86.29932356,17.98496329,,5.68,0,0,12,4
18,0.000277778,b,0.4,9000,0.5,98.34006772,43.70234724,,6.63,0,0,13,4
18,0.000277778,c,0.4,9000,0.5,16.38422414,86.61241888,3.958777066,15.63,0,1,14,4
18,0.000277778,a,0.566666667,9000,0.5,59.73339439,57.72320703,1.101800151,7.902222222,0,1,15,4
18,0.000277778,b,0.566666667,9000,0.5,0.898609767,27.94536042,,8.852222222,0,0,16,4
18,0.000277778,c,0.566666667,9000,0.5,38.65712826,12.27892528,2.95568904,17.85222222,0,1,17,4
18,0.000277778,a,0.733333333,9000,0.5,4.416005793,23.18552018,,12.90222222,0,0,18,4
18,0.000277778,b,0.733333333,9000,0.5,95.66529677,12.49925648,,13.85222222,0,0,19,4
18,0.000277778,c,0.733333333,9000,0.5,43.61466469,23.37804302,5.018827895,22.85222222,0,1,20,4
18,0.000277778,a,0.9,9000,0.5,94.89773068,38.358001,,20.68,0,0,21,4
18,0.000277778,b,0.9,9000,0.5,78.63059859,4.289853088,,21.63,0,0,22,4
18,0.000277778,c,0.9,9000,0.5,86.62892986,83.87106969,1.975598449,30.63,0,1,23,4
18,0.000277778,a,0.4,13000,0.5,17.31654215,40.38102617,9.280005704,7.52,0,1,24,4
18,0.000277778,b,0.4,13000,0.5,7.494858701,56.73689645,7.411950148,8.47,0,1,25,4
18,0.000277778,c,0.4,13000,0.5,60.07427214,63.61340148,0.575561259,17.47,0,1,26,4
18,0.000277778,a,0.566666667,13000,0.5,16.79721837,13.28420065,7.85459553,9.742222222,0,1,27,4
18,0.000277778,b,0.566666667,13000,0.5,73.33801675,8.270761181,5.408762196,10.69222222,0,1,28,4
18,0.000277778,c,0.566666667,13000,0.5,40.84438602,15.65322127,2.023206641,19.69222222,0,1,29,4
18,0.000277778,a,0.733333333,13000,0.5,52.79088234,98.62247233,,14.74222222,0,0,30,4
18,0.000277778,b,0.733333333,13000,0.5,93.7571584,10.4515242,4.619725333,15.69222222,0,1,31,4
18,0.000277778,c,0.733333333,13000,0.5,52.16961224,42.26559215,0.280558667,24.69222222,0,1,32,4
18,0.000277778,a,0.9,13000,0.5,10.81933829,87.50623471,,22.52,0,0,33,4
18,0.000277778,b,0.9,13000,0.5,15.82234072,58.42756527,2.155064263,23.47,0,1,34,4
18,0.000277778,c,0.9,13000,0.5,54.52026517,1.753367137,,32.47,0,0,35,4
18,0.000277778,a,0.4,17000,0.5,52.44040801,88.8702581,9.909664698,10.32,0,1,36,4
18,0.000277778,b,0.4,17000,0.5,63.76102441,38.41476632,0.997442475,11.27,0,1,37,4
18,0.000277778,c,0.4,17000,0.5,40.14954436,16.77302078,2.234942475,20.27,0,1,38,4
18,0.000277778,a,0.566666667,17000,0.5,64.9805109,33.71798307,1.467181617,12.54222222,0,1,39,4
18,0.000277778,b,0.566666667,17000,0.5,39.69000029,59.41481319,0.477181617,13.49222222,0,1,40,4
18,0.000277778,c,0.566666667,17000,0.5,62.39161135,3.774518004,2.652181617,22.49222222,0,1,41,4
18,0.000277778,a,0.733333333,17000,0.5,76.74049671,64.33085213,2.844286805,17.54222222,0,1,42,4
18,0.000277778,b,0.733333333,17000,0.5,17.897391,61.01064003,2.005397916,18.49222222,0,1,43,4
18,0.000277778,c,0.733333333,17000,0.5,37.55757686,22.87939221,0.90234236,27.49222222,0,1,44,4
18,0.000277778,a,0.9,17000,0.5,50.25330593,42.60177602,0.34818431,25.32,0,1,45,4
18,0.000277778,b,0.9,17000,0.5,68.66670799,19.35149635,1.481795421,26.27,0,1,46,4
18,0.000277778,c,0.9,17000,0.5,25.36796487,2.13298395,1.63568431,35.27,0,1,47,4
18,0.000277778,a,0.4,21000,0.5,55.47408629,58.39198739,0.648353038,14.08,0,1,48,4
18,0.000277778,b,0.4,21000,0.5,62.49308441,44.53570445,0.899186371,15.03,0,1,49,4
18,0.000277778,c,0.4,21000,0.5,89.55011661,84.2056648,2.259464149,24.03,0,1,50,4
18,0.000277778,a,0.566666667,21000,0.5,36.28535884,19.9055654,3.619589073,16.30222222,0,1,51,4
18,0.000277778,b,0.566666667,21000,0.5,63.7557073,44.05990472,0.63486685,17.25222222,0,1,52,4
18,0.000277778,c,0.566666667,21000,0.5,19.14464021,66.74545325,0.888755739,26.25222222,0,1,53,4
18,0.000277778,a,0.733333333,21000,0.5,49.77941146,6.833463002,5.666702667,21.30222222,0,1,54,4
18,0.000277778,b,0.733333333,21000,0.5,18.24454046,35.53366289,1.490313778,22.25222222,0,1,55,4
18,0.000277778,c,0.733333333,21000,0.5,91.83830391,68.60363031,1.632813778,31.25222222,0,1,56,4
18,0.000277778,a,0.9,21000,0.5,43.18220713,24.5071897,1.639422338,29.08,0,1,57,4
18,0.000277778,b,0.9,21000,0.5,83.01881021,36.39773225,1.571366782,30.03,0,1,58,4
18,0.000277778,c,0.9,21000,0.5,41.67763047,57.73636988,1.515533449,39.03,0,1,59,4
18,0.000277778,a,0.4,25000,0.5,90.46675887,40.94355923,7.706159691,18.8,0,1,60,4
18,0.000277778,b,0.4,25000,0.5,40.48252173,87.67815027,3.056715247,19.75,0,1,61,4
18,0.000277778,c,0.4,25000,0.5,33.11745031,85.98812781,1.380326358,28.75,0,1,62,4
18,0.000277778,a,0.566666667,25000,0.5,57.21387703,83.39768927,3.700491808,21.02222222,0,1,63,4
18,0.000277778,b,0.566666667,25000,0.5,84.54436491,42.62711667,2.022158475,21.97222222,0,1,64,4
18,0.000277778,c,0.566666667,25000,0.5,86.10143118,19.01299956,0.188269586,30.97222222,0,1,65,4
18,0.000277778,a,0.733333333,25000,0.5,59.56881171,63.88631031,0.604521448,26.02222222,0,1,66,4
18,0.000277778,b,0.733333333,25000,0.5,8.466161102,42.81549814,2.126188114,26.97222222,0,1,67,4
18,0.000277778,c,0.733333333,25000,0.5,59.72666073,50.58070708,0.255910337,35.97222222,0,1,68,4
18,0.000277778,a,0.9,25000,0.5,24.54537086,65.10515584,1.451873443,33.8,0,1,69,4
18,0.000277778,b,0.9,25000,0.5,73.25934486,93.99415345,1.951873443,34.75,0,1,70,4
18,0.000277778,c,0.9,25000,0.5,89.46512923,80.82497266,1.177151221,43.75,0,1,71,4
18,0.000277778,a,0.4,5000,0.5,51.47339709,12.32166332,,4.8,1,0,72,4
18,0.000277778,b,0.4,5000,0.5,60.35635104,90.7462209,,5.75,1,0,73,4
18,0.000277778,c,0.4,5000,0.5,6.506781238,67.70673327,8.902641196,14.75,1,1,74,4
18,0.000277778,a,0.566666667,5000,0.5,54.00747296,31.94251952,,7.022222222,1,0,75,4
18,0.000277778,b,0.566666667,5000,0.5,12.91867837,72.99929886,,7.972222222,1,0,76,4
18,0.000277778,c,0.566666667,5000,0.5,61.45628464,47.49639192,,16.97222222,1,0,77,4
18,0.000277778,a,0.733333333,5000,0.5,36.3650347,56.10325638,,12.02222222,1,0,78,4
18,0.000277778,b,0.733333333,5000,0.5,76.77580343,57.18246936,,12.97222222,1,0,79,4
18,0.000277778,c,0.733333333,5000,0.5,4.853413642,15.14892492,,21.97222222,1,0,80,4
18,0.000277778,a,0.9,5000,0.5,10.98181181,36.19821183,,19.8,1,0,81,4
18,0.000277778,b,0.9,5000,0.5,68.40232151,43.57347412,,20.75,1,0,82,4
18,0.000277778,c,0.9,5000,0.5,51.46536971,5.772509917,,29.75,1,0,83,4
18,0.000277778,a,0.4,9000,0.5,57.16413716,72.37325107,,5.68,1,0,84,4
18,0.000277778,b,0.4,9000,0.5,84.3706994,32.68047694,,6.63,1,0,85,4
18,0.000277778,c,0.4,9000,0.5,48.77376391,47.68528658,0.374332622,15.63,1,1,86,4
18,0.000277778,a,0.566666667,9000,0.5,81.01444221,94.80578053,6.245966818,7.902222222,1,1,87,4
18,0.000277778,b,0.566666667,9000,0.5,51.02436293,86.79683291,,8.852222222,1,0,88,4
18,0.000277778,c,0.566666667,9000,0.5,92.67206932,27.30961766,,17.85222222,1,0,89,4
18,0.000277778,a,0.733333333,9000,0.5,66.69277715,40.02717028,,12.90222222,1,0,90,4
18,0.000277778,b,0.733333333,9000,0.5,14.87268394,57.12342039,,13.85222222,1,0,91,4
18,0.000277778,c,0.733333333,9000,0.5,36.45531753,11.94819178,3.075772339,22.85222222,1,1,92,4
18,0.000277778,a,0.9,9000,0.5,86.57749159,79.61843786,,20.68,1,0,93,4
18,0.000277778,b,0.9,9000,0.5,35.02852109,32.37519601,1.225876227,21.63,1,1,94,4
18,0.000277778,c,0.9,9000,0.5,18.90257595,11.56286539,,30.63,1,0,95,4
18,0.000277778,a,0.4,13000,0.5,47.26213092,70.71998485,,7.52,1,0,96,4
18,0.000277778,b,0.4,13000,0.5,39.27811748,51.49082381,4.550561259,8.47,1,1,97,4
18,0.000277778,c,0.4,13000,0.5,61.89299266,2.710040096,,17.47,1,0,98,4
18,0.000277778,a,0.566666667,13000,0.5,43.67662919,56.27836131,0.439873307,9.742222222,1,1,99,4
18,0.000277778,b,0.566666667,13000,0.5,26.09221573,76.42088444,,10.69222222,1,0,100,4
18,0.000277778,c,0.566666667,13000,0.5,41.24722117,3.1042668,,19.69222222,1,0,101,4
18,0.000277778,a,0.733333333,13000,0.5,41.90340346,65.75876207,,14.74222222,1,0,102,4
18,0.000277778,b,0.733333333,13000,0.5,90.24218559,25.01419111,,15.69222222,1,0,103,4
18,0.000277778,c,0.733333333,13000,0.5,97.9616262,43.52763082,,24.69222222,1,0,104,4
18,0.000277778,a,0.9,13000,0.5,62.35688394,7.216742007,3.451175375,22.52,1,1,105,4
18,0.000277778,b,0.9,13000,0.5,8.318412257,53.22285229,,23.47,1,0,106,4
18,0.000277778,c,0.9,13000,0.5,73.29987176,93.88289087,1.393397597,32.47,1,1,107,4
18,0.000277778,a,0.4,17000,0.5,67.86854025,30.48157077,0.310220253,10.32,1,1,108,4
18,0.000277778,b,0.4,17000,0.5,82.6022867,6.353737904,,11.27,1,0,109,4
18,0.000277778,c,0.4,17000,0.5,34.74513367,84.82263273,1.427720253,20.27,1,1,110,4
18,0.000277778,a,0.566666667,17000,0.5,5.888009416,94.75935653,,12.54222222,1,0,111,4
18,0.000277778,b,0.566666667,17000,0.5,61.18218165,49.10707506,,13.49222222,1,0,112,4
18,0.000277778,c,0.566666667,17000,0.5,12.40146183,90.85094844,1.415792728,22.49222222,1,1,113,4
18,0.000277778,a,0.733333333,17000,0.5,75.95295292,90.86404126,,17.54222222,1,0,114,4
18,0.000277778,b,0.733333333,17000,0.5,79.44233176,73.451918,,18.49222222,1,0,115,4
18,0.000277778,c,0.733333333,17000,0.5,40.86267867,83.13273322,0.77984236,27.49222222,1,1,116,4
18,0.000277778,a,0.9,17000,0.5,94.37975059,16.20042339,,25.32,1,0,117,4
18,0.000277778,b,0.9,17000,0.5,17.37797938,84.55391004,4.723739866,26.27,1,1,118,4
18,0.000277778,c,0.9,17000,0.5,94.25858497,41.56423242,1.06318431,35.27,1,1,119,4
18,0.000277778,a,0.4,21000,0.5,46.54896748,28.66870364,,14.08,1,0,120,4
18,0.000277778,b,0.4,21000,0.5,76.29936413,56.18622697,,15.03,1,0,121,4
18,0.000277778,c,0.4,21000,0.5,75.28201955,85.74932348,,24.03,1,0,122,4
18,0.000277778,a,0.566666667,21000,0.5,98.12099191,43.31686538,2.687922406,16.30222222,1,1,123,4
18,0.000277778,b,0.566666667,21000,0.5,97.32779941,7.776876793,,17.25222222,1,0,124,4
18,0.000277778,c,0.566666667,21000,0.5,4.009112464,28.72782802,1.350700184,26.25222222,1,1,125,4
18,0.000277778,a,0.733333333,21000,0.5,1.597127753,28.53109319,,21.30222222,1,0,126,4
18,0.000277778,b,0.733333333,21000,0.5,54.3290315,69.70514379,,22.25222222,1,0,127,4
18,0.000277778,c,0.733333333,21000,0.5,3.38776179,95.50659377,1.333924889,31.25222222,1,1,128,4
18,0.000277778,a,0.9,21000,0.5,65.74846358,55.01474276,,29.08,1,0,129,4
18,0.000277778,b,0.9,21000,0.5,53.49026017,25.36125258,1.043866782,30.03,1,1,130,4
18,0.000277778,c,0.9,21000,0.5,66.65583961,70.31298801,0.32414456,39.03,1,1,131,4
18,0.000277778,a,0.4,25000,0.5,44.13407044,14.77270117,,18.8,1,0,132,4
18,0.000277778,b,0.4,25000,0.5,27.24714587,6.162909393,,19.75,1,0,133,4
18,0.000277778,c,0.4,25000,0.5,94.96689399,64.90077341,,28.75,1,0,134,4
18,0.000277778,a,0.566666667,25000,0.5,72.82694402,37.57523205,,21.02222222,1,0,135,4
18,0.000277778,b,0.566666667,25000,0.5,0.632393727,45.08077288,1.842158475,21.97222222,1,1,136,4
18,0.000277778,c,0.566666667,25000,0.5,9.932776489,7.398244678,,30.97222222,1,0,137,4
18,0.000277778,a,0.733333333,25000,0.5,63.16922451,47.96878196,,26.02222222,1,0,138,4
18,0.000277778,b,0.733333333,25000,0.5,28.8036827,60.6144213,0.474799225,26.97222222,1,1,139,4
18,0.000277778,c,0.733333333,25000,0.5,40.76216773,98.2511868,1.108132559,35.97222222,1,1,140,4
18,0.000277778,a,0.9,25000,0.5,78.15311239,2.146988923,,33.8,1,0,141,4
18,0.000277778,b,0.9,25000,0.5,35.41455382,51.67467639,0.287706776,34.75,1,1,142,4
18,0.000277778,c,0.9,25000,0.5,92.58085973,48.67671135,0.80354011,43.75,1,1,143,4
18,0.000277778,a,0.4,5000,0.5,58.81808486,55.00564779,,4.8,2,4,144,4
18,0.000277778,b,0.4,5000,0.5,52.07705763,64.12693732,,5.75,2,7,145,4
18,0.000277778,c,0.4,5000,0.5,37.23859344,49.92131636,9.076807863,14.75,2,10,146,4
18,0.000277778,a,0.566666667,5000,0.5,46.38365559,52.9032467,,7.022222222,2,5,147,4
18,0.000277778,b,0.566666667,5000,0.5,60.51527159,50.10218071,2.585459145,7.972222222,2,10,148,4
18,0.000277778,c,0.566666667,5000,0.5,69.63187274,61.85768136,,16.97222222,2,0,149,4
18,0.000277778,a,0.733333333,5000,0.5,32.94609496,66.27740456,,12.02222222,2,0,150,4
18,0.000277778,b,0.733333333,5000,0.5,35.39010428,42.90644055,,12.97222222,2,6,151,4
18,0.000277778,c,0.733333333,5000,0.5,59.6017892,58.97588024,1.202425501,21.97222222,2,10,152,4
18,0.000277778,a,0.9,5000,0.5,63.3512548,56.19023794,,19.8,2,0,153,4
18,0.000277778,b,0.9,5000,0.5,33.5509143,44.93151329,,20.75,2,6,154,4
18,0.000277778,c,0.9,5000,0.5,63.17671799,62.13983997,0.981173865,29.75,2,10,155,4
18,0.000277778,a,0.4,9000,0.5,61.46929258,57.80214709,,5.68,2,0,156,4
18,0.000277778,b,0.4,9000,0.5,57.52885093,49.67493078,,6.63,2,7,157,4
18,0.000277778,c,0.4,9000,0.5,43.59705666,52.87690041,,15.63,2,8,158,4
18,0.000277778,a,0.566666667,9000,0.5,47.78162658,67.95757725,,7.902222222,2,7,159,4
18,0.000277778,b,0.566666667,9000,0.5,44.65344557,55.60680372,0.870966818,8.852222222,2,10,160,4
18,0.000277778,c,0.566666667,9000,0.5,63.61864259,55.39564498,1.543744596,17.85222222,2,10,161,4
18,0.000277778,a,0.733333333,9000,0.5,43.13288548,45.22559567,,12.90222222,2,1,162,4
18,0.000277778,b,0.733333333,9000,0.5,42.90299905,61.27617954,0.953827895,13.85222222,2,10,163,4
18,0.000277778,c,0.733333333,9000,0.5,67.41163429,64.89535937,1.460772339,22.85222222,2,10,164,4
18,0.000277778,a,0.9,9000,0.5,66.79949391,42.37963911,,20.68,2,0,165,4
18,0.000277778,b,0.9,9000,0.5,68.74696502,43.05647085,,21.63,2,5,166,4
18,0.000277778,c,0.9,9000,0.5,62.30195813,56.9278589,0.631431782,30.63,2,10,167,4
18,0.000277778,a,0.4,13000,0.5,33.47662471,41.55419697,,7.52,2,0,168,4
18,0.000277778,b,0.4,13000,0.5,33.63642206,33.26856102,,8.47,2,9,169,4
18,0.000277778,c,0.4,13000,0.5,52.28328301,41.52396286,5.383616815,17.47,2,10,170,4
18,0.000277778,a,0.566666667,13000,0.5,64.24735084,57.8831423,,9.742222222,2,6,171,4
18,0.000277778,b,0.566666667,13000,0.5,65.36791456,50.10661945,,10.69222222,2,7,172,4
18,0.000277778,c,0.566666667,13000,0.5,55.47394691,53.20253978,4.05209553,19.69222222,2,10,173,4
18,0.000277778,a,0.733333333,13000,0.5,68.23218376,55.04950138,,14.74222222,2,5,174,4
18,0.000277778,b,0.733333333,13000,0.5,36.07542405,51.4041709,0.946392,15.69222222,2,10,175,4
18,0.000277778,c,0.733333333,13000,0.5,38.8632372,68.45215188,0.643892,24.69222222,2,10,176,4
18,0.000277778,a,0.9,13000,0.5,43.29980668,62.42653635,,22.52,2,9,177,4
18,0.000277778,b,0.9,13000,0.5,40.27219684,68.53528674,1.632842041,23.47,2,10,178,4
18,0.000277778,c,0.9,13000,0.5,42.48820129,57.73377963,,32.47,2,9,179,4
18,0.000277778,a,0.4,17000,0.5,34.73782065,62.06856358,,10.32,2,9,180,4
18,0.000277778,b,0.4,17000,0.5,45.01360573,60.0553381,1.374109142,11.27,2,10,181,4
18,0.000277778,c,0.4,17000,0.5,31.19095987,67.64390056,4.749664698,20.27,2,10,182,4
18,0.000277778,a,0.566666667,17000,0.5,51.51126665,43.61810499,8.360237172,12.54222222,2,10,183,4
18,0.000277778,b,0.566666667,17000,0.5,67.83313179,42.97686354,4.211903839,13.49222222,2,10,184,4
18,0.000277778,c,0.566666667,17000,0.5,47.80500772,30.47685312,0.858570506,22.49222222,2,10,185,4
18,0.000277778,a,0.733333333,17000,0.5,54.96612977,32.71232638,2.292620138,17.54222222,2,10,186,4
18,0.000277778,b,0.733333333,17000,0.5,54.47249394,68.46698344,1.134009027,18.49222222,2,10,187,4
18,0.000277778,c,0.733333333,17000,0.5,67.33516672,48.99708289,0.718453471,27.49222222,2,10,188,4
18,0.000277778,a,0.9,17000,0.5,59.38076212,34.86550543,,25.32,2,8,189,4
18,0.000277778,b,0.9,17000,0.5,62.99283713,34.31536903,0.866239866,26.27,2,10,190,4
18,0.000277778,c,0.9,17000,0.5,43.4339764,50.70400494,,35.27,2,8,191,4
18,0.000277778,a,0.4,21000,0.5,66.29858586,56.06005556,,14.08,2,0,192,4
18,0.000277778,b,0.4,21000,0.5,37.40836937,63.36469369,1.006686371,15.03,2,10,193,4
18,0.000277778,c,0.4,21000,0.5,46.31929076,52.85781292,3.764464149,24.03,2,10,194,4
18,0.000277778,a,0.566666667,21000,0.5,59.49807894,43.35610213,,16.30222222,2,9,195,4
18,0.000277778,b,0.566666667,21000,0.5,43.33825527,58.03228921,0.534589073,17.25222222,2,10,196,4
18,0.000277778,c,0.566666667,21000,0.5,65.44536925,37.50770874,0.732644628,26.25222222,2,10,197,4
18,0.000277778,a,0.733333333,21000,0.5,64.42623449,43.31166413,,21.30222222,2,7,198,4
18,0.000277778,b,0.733333333,21000,0.5,36.60472482,34.83725043,3.838091556,22.25222222,2,10,199,4
18,0.000277778,c,0.733333333,21000,0.5,39.22983767,57.22756137,3.732536001,31.25222222,2,10,200,4
18,0.000277778,a,0.9,21000,0.5,32.09739515,51.58606614,,29.08,2,9,201,4
18,0.000277778,b,0.9,21000,0.5,64.34883394,47.57896741,0.69664456,30.03,2,10,202,4
18,0.000277778,c,0.9,21000,0.5,43.56899633,39.21064729,1.543589005,39.03,2,10,203,4
18,0.000277778,a,0.4,25000,0.5,45.72986913,63.74767461,1.966159691,18.8,2,10,204,4
18,0.000277778,b,0.4,25000,0.5,40.81461929,45.85858907,0.658659691,19.75,2,10,205,4
18,0.000277778,c,0.4,25000,0.5,34.92911555,66.49198893,0.576159691,28.75,2,10,206,4
18,0.000277778,a,0.566666667,25000,0.5,48.27756967,40.8717367,0.884658475,21.02222222,2,10,207,4
18,0.000277778,b,0.566666667,25000,0.5,39.38868212,55.49008453,4.79771403,21.97222222,2,10,208,4
18,0.000277778,c,0.566666667,25000,0.5,52.5261294,59.49926675,2.463269586,30.97222222,2,10,209,4
18,0.000277778,a,0.733333333,25000,0.5,38.11060191,36.77094259,8.502577003,26.02222222,2,10,210,4
18,0.000277778,b,0.733333333,25000,0.5,50.45549129,37.28300031,0.53424367,26.97222222,2,10,211,4
18,0.000277778,c,0.733333333,25000,0.5,67.93303536,60.58625913,0.677577003,35.97222222,2,10,212,4
18,0.000277778,a,0.9,25000,0.5,44.87334825,33.57662624,1.134095665,33.8,2,10,213,4
18,0.000277778,b,0.9,25000,0.5,68.16876357,49.13402112,1.029095665,34.75,2,10,214,4
18,0.000277778,c,0.9,25000,0.5,32.28823665,33.31294092,1.388817887,43.75,2,10,215,4
18,0.000277778,a,0.4,5000,0.5,22.19931711,64.14647725,,4.8,0,0,0,5
18,0.000277778,b,0.4,5000,0.5,87.07323062,98.8167763,,5.75,0,0,1,5
18,0.000277778,c,0.4,5000,0.5,20.67191553,77.03293631,4.365418974,14.75,0,1,2,5
18,0.000277778,a,0.566666667,5000,0.5,91.86109079,18.14812091,,7.022222222,0,0,3,5
18,0.000277778,b,0.566666667,5000,0.5,48.84111888,11.97690208,,7.972222222,0,0,4,5
18,0.000277778,c,0.566666667,5000,0.5,61.17438629,93.0341843,6.398792478,16.97222222,0,1,5,5
18,0.000277778,a,0.733333333,5000,0.5,76.59078565,91.0097433,,12.02222222,0,0,6,5
18,0.000277778,b,0.733333333,5000,0.5,51.84179879,74.91846596,3.582981056,12.97222222,0,1,7,5
18,0.000277778,c,0.733333333,5000,0.5,29.68005016,76.05315404,1.879925501,21.97222222,0,1,8,5
18,0.000277778,a,0.9,5000,0.5,18.77212287,14.28757979,,19.8,0,0,9,5
18,0.000277778,b,0.9,5000,0.5,8.074126876,81.19441916,,20.75,0,0,10,5
18,0.000277778,c,0.9,5000,0.5,73.84402962,19.22792958,,29.75,0,0,11,5
18,0.000277778,a,0.4,9000,0.5,44.13092229,15.47451095,,5.68,0,0,12,5
18,0.000277778,b,0.4,9000,0.5,15.83098677,40.70789565,6.736832622,6.63,0,1,13,5
18,0.000277778,c,0.4,9000,0.5,87.99370312,0.038289437,,15.63,0,0,14,5
18,0.000277778,a,0.566666667,9000,0.5,27.4086462,84.55178162,,7.902222222,0,0,15,5
18,0.000277778,b,0.566666667,9000,0.5,41.42350191,16.11324533,4.835133485,8.852222222,0,1,16,5
18,0.000277778,c,0.566666667,9000,0.5,29.60799327,73.92507349,1.341522373,17.85222222,0,1,17,5
18,0.000277778,a,0.733333333,9000,0.5,62.87879089,58.29108159,,12.90222222,0,0,18,5
18,0.000277778,b,0.733333333,9000,0.5,57.98378102,77.0260003,2.480216783,13.85222222,0,1,19,5
18,0.000277778,c,0.733333333,9000,0.5,59.99291966,59.99931667,0.355494561,22.85222222,0,1,20,5
18,0.000277778,a,0.9,9000,0.5,26.58191175,96.14674858,,20.68,0,0,21,5
18,0.000277778,b,0.9,9000,0.5,28.46858806,37.97783894,1.35920956,21.63,0,1,22,5
18,0.000277778,c,0.9,9000,0.5,25.35882058,49.70103501,0.874487338,30.63,0,1,23,5
18,0.000277778,a,0.4,13000,0.5,32.75639477,33.8338649,2.846394593,7.52,0,1,24,5
18,0.000277778,b,0.4,13000,0.5,14.41643007,74.27507415,5.386394593,8.47,0,1,25,5
18,0.000277778,c,0.4,13000,0.5,16.56128612,30.04958698,2.199172371,17.47,0,1,26,5
18,0.000277778,a,0.566666667,13000,0.5,96.39305291,79.87862746,,9.742222222,0,0,27,5
18,0.000277778,b,0.566666667,13000,0.5,96.02267153,8.594977933,6.529873307,10.69222222,0,1,28,5
18,0.000277778,c,0.566666667,13000,0.5,18.84146556,23.56636377,1.563206641,19.69222222,0,1,29,5
18,0.000277778,a,0.733333333,13000,0.5,2.430656163,43.81688926,,14.74222222,0,0,30,5
18,0.000277778,b,0.733333333,13000,0.5,20.45555464,12.60458531,3.369169778,15.69222222,0,1,31,5
18,0.000277778,c,0.733333333,13000,0.5,69.98436141,20.30319808,1.276114222,24.69222222,0,1,32,5
18,0.000277778,a,0.9,13000,0.5,77.95145856,84.15427419,,22.52,0,0,33,5
18,0.000277778,b,0.9,13000,0.5,2.293309244,37.24324549,,23.47,0,0,34,5
18,0.000277778,c,0.9,13000,0.5,57.76628581,21.86817295,0.801175375,32.47,0,1,35,5
18,0.000277778,a,0.4,17000,0.5,0.164217272,84.61328225,,10.32,0,0,36,5
18,0.000277778,b,0.4,17000,0.5,51.54726119,57.53746651,0.503831364,11.27,0,1,37,5
18,0.000277778,c,0.4,17000,0.5,63.97951761,63.37164773,0.643831364,20.27,0,1,38,5
18,0.000277778,a,0.566666667,17000,0.5,98.56244028,88.89285437,11.25773717,12.54222222,0,1,39,5
18,0.000277778,b,0.566666667,17000,0.5,25.90975964,71.3959059,1.528848283,13.49222222,0,1,40,5
18,0.000277778,c,0.566666667,17000,0.5,80.24968853,26.51126683,1.241626061,22.49222222,0,1,41,5
18,0.000277778,a,0.733333333,17000,0.5,87.0483087,0.970830833,8.124564583,17.54222222,0,1,42,5
18,0.000277778,b,0.733333333,17000,0.5,92.27496139,54.94634595,3.268731249,18.49222222,0,1,43,5
18,0.000277778,c,0.733333333,17000,0.5,0.221421253,70.75262253,1.899009027,27.49222222,0,1,44,5
18,0.000277778,a,0.9,17000,0.5,46.94883718,80.56946096,2.815406532,25.32,0,1,45,5
18,0.000277778,b,0.9,17000,0.5,98.14687376,19.06563342,3.330128755,26.27,0,1,46,5
18,0.000277778,c,0.9,17000,0.5,39.89448039,63.4214276,0.215962088,35.27,0,1,47,5
18,0.000277778,a,0.4,21000,0.5,81.37324776,93.85529341,10.69196415,14.08,0,1,48,5
18,0.000277778,b,0.4,21000,0.5,54.6456498,25.81863842,1.867519705,15.03,0,1,49,5
18,0.000277778,c,0.4,21000,0.5,77.08540871,29.24804596,1.508630816,24.03,0,1,50,5
18,0.000277778,a,0.566666667,21000,0.5,48.4931075,42.5644012,0.515977962,16.30222222,0,1,51,5
18,0.000277778,b,0.566666667,21000,0.5,2.911156367,57.11786016,4.304311295,17.25222222,0,1,52,5
18,0.000277778,c,0.566666667,21000,0.5,8.65256884,99.00555533,2.29236685,26.25222222,0,1,53,5
18,0.000277778,a,0.733333333,21000,0.5,11.14538124,58.81996127,4.372813778,21.30222222,0,1,54,5
18,0.000277778,b,0.733333333,21000,0.5,25.12451117,88.7899397,2.059202667,22.25222222,0,1,55,5
18,0.000277778,c,0.733333333,21000,0.5,96.49152925,65.6211279,1.629758223,31.25222222,0,1,56,5
18,0.000277778,a,0.9,21000,0.5,63.17660527,47.27788741,0.608589005,29.08,0,1,57,5
18,0.000277778,b,0.9,21000,0.5,81.66602026,30.55485297,1.302755671,30.03,0,1,58,5
18,0.000277778,c,0.9,21000,0.5,56.60819961,35.01795781,0.283311227,39.03,0,1,59,5
18,0.000277778,a,0.4,25000,0.5,63.53562056,77.71342922,3.604770802,18.8,0,1,60,5
18,0.000277778,b,0.4,25000,0.5,81.19023912,17.75090473,0.278104136,19.75,0,1,61,5
18,0.000277778,c,0.4,25000,0.5,92.66826152,13.79353584,2.494493024,28.75,0,1,62,5
18,0.000277778,a,0.566666667,25000,0.5,91.26267637,21.30449643,5.941602919,21.02222222,0,1,63,5
18,0.000277778,b,0.566666667,25000,0.5,82.48107204,66.89134401,2.061047364,21.97222222,0,1,64,5
18,0.000277778,c,0.566666667,25000,0.5,9.420273218,37.1404947,1.562991808,30.97222222,0,1,65,5
18,0.000277778,a,0.733333333,25000,0.5,36.10484185,20.65026786,2.393132559,26.02222222,0,1,66,5
18,0.000277778,b,0.733333333,25000,0.5,3.550903176,33.07044032,2.549799225,26.97222222,0,1,67,5
18,0.000277778,c,0.733333333,25000,0.5,54.63583485,8.162956242,1.305354781,35.97222222,0,1,68,5
18,0.000277778,a,0.9,25000,0.5,79.61427209,43.65355535,2.019928999,33.8,0,1,69,5
18,0.000277778,b,0.9,25000,0.5,5.11428031,81.12159825,2.032984554,34.75,0,1,70,5
18,0.000277778,c,0.9,25000,0.5,18.86677358,44.57924612,0.673262332,43.75,0,1,71,5
18,0.000277778,a,0.4,5000,0.5,36.54777679,44.7310154,,4.8,1,0,72,5
18,0.000277778,b,0.4,5000,0.5,24.4290867,2.752846348,,5.75,1,0,73,5
18,0.000277778,c,0.4,5000,0.5,79.50874729,27.89776721,,14.75,1,0,74,5
18,0.000277778,a,0.566666667,5000,0.5,35.20949358,7.517049989,,7.022222222,1,0,75,5
18,0.000277778,b,0.566666667,5000,0.5,63.88776821,4.773837711,,7.972222222,1,0,76,5
18,0.000277778,c,0.566666667,5000,0.5,49.34150519,86.35855799,,16.97222222,1,0,77,5
18,0.000277778,a,0.733333333,5000,0.5,58.34997437,71.43175903,,12.02222222,1,0,78,5
18,0.000277778,b,0.733333333,5000,0.5,93.9299352,83.04377004,,12.97222222,1,0,79,5
18,0.000277778,c,0.733333333,5000,0.5,94.3540082,13.29057964,,21.97222222,1,0,80,5
18,0.000277778,a,0.9,5000,0.5,11.16924272,36.52864595,,19.8,1,0,81,5
18,0.000277778,b,0.9,5000,0.5,84.35549661,91.32175423,,20.75,1,0,82,5
18,0.000277778,c,0.9,5000,0.5,34.60281518,43.3387891,0.545618309,29.75,1,1,83,5
18,0.000277778,a,0.4,9000,0.5,10.08272729,92.56518131,,5.68,1,0,84,5
18,0.000277778,b,0.4,9000,0.5,38.34090661,96.13680761,,6.63,1,0,85,5
18,0.000277778,c,0.4,9000,0.5,51.03547973,0.660810799,,15.63,1,0,86,5
18,0.000277778,a,0.566666667,9000,0.5,96.1103082,43.29305855,,7.902222222,1,0,87,5
18,0.000277778,b,0.566666667,9000,0.5,37.15126153,58.31126288,,8.852222222,1,0,88,5
18,0.000277778,c,0.566666667,9000,0.5,1.23694116,34.88275722,,17.85222222,1,0,89,5
18,0.000277778,a,0.733333333,9000,0.5,85.9706887,37.60320179,,12.90222222,1,0,90,5
18,0.000277778,b,0.733333333,9000,0.5,11.11107495,35.58215762,6.081050117,13.85222222,1,1,91,5
18,0.000277778,c,0.733333333,9000,0.5,47.8339044,23.10328752,4.003827895,22.85222222,1,1,92,5
18,0.000277778,a,0.9,9000,0.5,84.99800324,2.603724443,,20.68,1,0,93,5
18,0.000277778,b,0.9,9000,0.5,51.4737967,73.11839999,,21.63,1,0,94,5
18,0.000277778,c,0.9,9000,0.5,44.66078279,99.85157673,,30.63,1,0,95,5
18,0.000277778,a,0.4,13000,0.5,80.04764208,3.834193016,,7.52,1,0,96,5
18,0.000277778,b,0.4,13000,0.5,2.039137845,85.9098217,,8.47,1,0,97,5
18,0.000277778,c,0.4,13000,0.5,57.26186488,54.4304931,0.563616815,17.47,1,1,98,5
18,0.000277778,a,0.566666667,13000,0.5,41.13836158,1.951995882,,9.742222222,1,0,99,5
18,0.000277778,b,0.566666667,13000,0.5,98.51367977,6.881640857,,10.69222222,1,0,100,5
18,0.000277778,c,0.566666667,13000,0.5,80.14015304,52.54494811,1.742928863,19.69222222,1,1,101,5
18,0.000277778,a,0.733333333,13000,0.5,5.396210215,10.45602064,4.753614222,14.74222222,1,1,102,5
18,0.000277778,b,0.733333333,13000,0.5,19.04777735,29.59974277,1.809447556,15.69222222,1,1,103,5
18,0.000277778,c,0.733333333,13000,0.5,45.24188458,27.4834404,0.535558667,24.69222222,1,1,104,5
18,0.000277778,a,0.9,13000,0.5,70.29420771,97.06057076,,22.52,1,0,105,5
18,0.000277778,b,0.9,13000,0.5,33.20481495,46.96664849,0.642286486,23.47,1,1,106,5
18,0.000277778,c,0.9,13000,0.5,35.99831952,28.51810643,0.428397597,32.47,1,1,107,5
18,0.000277778,a,0.4,17000,0.5,92.1470566,93.82420933,,10.32,1,0,108,5
18,0.000277778,b,0.4,17000,0.5,95.36305057,96.67266688,,11.27,1,0,109,5
18,0.000277778,c,0.4,17000,0.5,40.76857287,71.93998828,,20.27,1,0,110,5
18,0.000277778,a,0.566666667,17000,0.5,89.85711549,13.68790323,,12.54222222,1,0,111,5
18,0.000277778,b,0.566666667,17000,0.5,33.0253252,88.98989854,,13.49222222,1,0,112,5
18,0.000277778,c,0.566666667,17000,0.5,8.273856908,44.12602936,1.932737172,22.49222222,1,1,113,5
18,0.000277778,a,0.733333333,17000,0.5,52.67175655,78.61273782,,17.54222222,1,0,114,5
18,0.000277778,b,0.733333333,17000,0.5,66.0844391,72.14887284,,18.49222222,1,0,115,5
18,0.000277778,c,0.733333333,17000,0.5,89.29842944,65.31640778,1.74234236,27.49222222,1,1,116,5
18,0.000277778,a,0.9,17000,0.5,96.5157547,76.69731326,,25.32,1,0,117,5
18,0.000277778,b,0.9,17000,0.5,76.99326769,81.18302554,,26.27,1,0,118,5
18,0.000277778,c,0.9,17000,0.5,75.90991183,46.16615407,0.807906532,35.27,1,1,119,5
18,0.000277778,a,0.4,21000,0.5,71.00490474,48.4620608,,14.08,1,0,120,5
18,0.000277778,b,0.4,21000,0.5,70.15528326,9.738624473,1.90807526,15.03,1,1,121,5
18,0.000277778,c,0.4,21000,0.5,76.73313811,37.08627665,1.553908594,24.03,1,1,122,5
18,0.000277778,a,0.566666667,21000,0.5,97.43494789,88.61342928,,16.30222222,1,0,123,5
18,0.000277778,b,0.566666667,21000,0.5,37.37145174,22.02720261,1.016255739,17.25222222,1,1,124,5
18,0.000277778,c,0.566666667,21000,0.5,8.305444304,74.89151192,1.260422406,26.25222222,1,1,125,5
18,0.000277778,a,0.733333333,21000,0.5,23.96404396,80.66296652,,21.30222222,1,0,126,5
18,0.000277778,b,0.733333333,21000,0.5,22.148276,19.65678298,1.222813778,22.25222222,1,1,127,5
18,0.000277778,c,0.733333333,21000,0.5,36.35997968,76.46026502,0.653369334,31.25222222,1,1,128,5
18,0.000277778,a,0.9,21000,0.5,81.03142321,65.73462627,,29.08,1,0,129,5
18,0.000277778,b,0.9,21000,0.5,6.009616987,97.54592111,,30.03,1,0,130,5
18,0.000277778,c,0.9,21000,0.5,44.97435579,38.82931497,0.180811227,39.03,1,1,131,5
18,0.000277778,a,0.4,25000,0.5,81.31705275,75.67499962,,18.8,1,0,132,5
18,0.000277778,b,0.4,25000,0.5,26.42383745,84.39536222,,19.75,1,0,133,5
18,0.000277778,c,0.4,25000,0.5,6.340098197,37.90726428,2.167826358,28.75,1,1,134,5
18,0.000277778,a,0.566666667,25000,0.5,24.21076723,22.36880774,1.745769586,21.02222222,1,1,135,5
18,0.000277778,b,0.566666667,25000,0.5,8.507046175,36.82424018,2.247436253,21.97222222,1,1,136,5
18,0.000277778,c,0.566666667,25000,0.5,80.77774353,65.28298804,1.321880697,30.97222222,1,1,137,5
18,0.000277778,a,0.733333333,25000,0.5,17.02500756,25.73873511,1.841465892,26.02222222,1,1,138,5
18,0.000277778,b,0.733333333,25000,0.5,19.53446256,85.84989327,,26.97222222,1,0,139,5
18,0.000277778,c,0.733333333,25000,0.5,81.46420116,29.51914805,0.974799225,35.97222222,1,1,140,5
18,0.000277778,a,0.9,25000,0.5,81.02855292,76.40346657,,33.8,1,0,141,5
18,0.000277778,b,0.9,25000,0.5,58.93738782,32.1043736,0.438817887,34.75,1,1,142,5
18,0.000277778,c,0.9,25000,0.5,91.47343401,50.43224141,1.157428999,43.75,1,1,143,5
18,0.000277778,a,0.4,5000,0.5,32.39286547,64.96734882,,4.8,2,0,144,5
18,0.000277778,b,0.4,5000,0.5,68.59986561,49.41586692,,5.75,2,3,145,5
18,0.000277778,c,0.4,5000,0.5,52.83900867,54.9675405,,14.75,2,7,146,5
18,0.000277778,a,0.566666667,5000,0.5,42.1007245,43.71232144,,7.022222222,2,7,147,5
18,0.000277778,b,0.566666667,5000,0.5,63.02823306,48.74294011,5.222403589,7.972222222,2,10,148,5
18,0.000277778,c,0.566666667,5000,0.5,56.37669121,32.45656086,,16.97222222,2,8,149,5
18,0.000277778,a,0.733333333,5000,0.5,69.46005766,50.79065954,,12.02222222,2,0,150,5
18,0.000277778,b,0.733333333,5000,0.5,34.29958134,47.96616579,,12.97222222,2,9,151,5
18,0.000277778,c,0.733333333,5000,0.5,53.23674111,41.95931446,0.695203279,21.97222222,2,10,152,5
18,0.000277778,a,0.9,5000,0.5,48.9131262,36.91508428,,19.8,2,2,153,5
18,0.000277778,b,0.9,5000,0.5,56.09083144,43.62654884,,20.75,2,7,154,5
18,0.000277778,c,0.9,5000,0.5,39.67436216,41.79402089,,29.75,2,9,155,5
18,0.000277778,a,0.4,9000,0.5,31.24520254,44.50150783,,5.68,2,9,156,5
18,0.000277778,b,0.4,9000,0.5,51.76929411,62.35016244,,6.63,2,7,157,5
18,0.000277778,c,0.4,9000,0.5,44.58840715,65.82398241,3.30822151,15.63,2,10,158,5
18,0.000277778,a,0.566666667,9000,0.5,65.69333101,66.6013329,,7.902222222,2,0,159,5
18,0.000277778,b,0.566666667,9000,0.5,48.37382379,46.86222484,,8.852222222,2,9,160,5
18,0.000277778,c,0.566666667,9000,0.5,46.746164,65.93790048,7.156522373,17.85222222,2,10,161,5
18,0.000277778,a,0.733333333,9000,0.5,55.31622163,53.48310371,,12.90222222,2,0,162,5
18,0.000277778,b,0.733333333,9000,0.5,51.08715332,69.864444,,13.85222222,2,1,163,5
18,0.000277778,c,0.733333333,9000,0.5,68.44844561,34.97051358,1.175494561,22.85222222,2,10,164,5
18,0.000277778,a,0.9,9000,0.5,61.56040458,60.27326235,,20.68,2,0,165,5
18,0.000277778,b,0.9,9000,0.5,49.86782036,53.5307428,0.322820671,21.63,2,10,166,5
18,0.000277778,c,0.9,9000,0.5,38.44564004,50.58264081,0.42420956,30.63,2,10,167,5
18,0.000277778,a,0.4,13000,0.5,54.15936564,60.32862378,,7.52,2,1,168,5
18,0.000277778,b,0.4,13000,0.5,59.94303242,63.33126897,,8.47,2,4,169,5
18,0.000277778,c,0.4,13000,0.5,60.23455325,63.24351311,5.480561259,17.47,2,10,170,5
18,0.000277778,a,0.566666667,13000,0.5,69.74016032,43.76475757,6.784873307,9.742222222,2,10,171,5
18,0.000277778,b,0.566666667,13000,0.5,38.73991125,45.22708229,1.019317752,10.69222222,2,10,172,5
18,0.000277778,c,0.566666667,13000,0.5,47.02549334,53.8114051,4.063762196,19.69222222,2,10,173,5
18,0.000277778,a,0.733333333,13000,0.5,46.95398411,31.71487781,,14.74222222,2,7,174,5
18,0.000277778,b,0.733333333,13000,0.5,42.74585751,62.58821109,1.289725333,15.69222222,2,10,175,5
18,0.000277778,c,0.733333333,13000,0.5,44.61332076,53.44092405,2.975280889,24.69222222,2,10,176,5
18,0.000277778,a,0.9,13000,0.5,49.1176524,47.74018886,,22.52,2,9,177,5
18,0.000277778,b,0.9,13000,0.5,51.68361636,55.52539498,,23.47,2,9,178,5
18,0.000277778,c,0.9,13000,0.5,40.60920987,68.2140631,0.52673093,32.47,2,10,179,5
18,0.000277778,a,0.4,17000,0.5,35.37454911,62.168446,,10.32,2,1,180,5
18,0.000277778,b,0.4,17000,0.5,42.07544391,56.24598767,,11.27,2,9,181,5
18,0.000277778,c,0.4,17000,0.5,35.45920375,38.30169365,1.131053587,20.27,2,10,182,5
18,0.000277778,a,0.566666667,17000,0.5,42.70800813,68.86944072,7.616626061,12.54222222,2,10,183,5
18,0.000277778,b,0.566666667,17000,0.5,57.16730723,45.48454987,0.564126061,13.49222222,2,10,184,5
18,0.000277778,c,0.566666667,17000,0.5,54.05364624,66.20945235,0.703848283,22.49222222,2,10,185,5
18,0.000277778,a,0.733333333,17000,0.5,69.88901866,50.04218495,2.121231249,17.54222222,2,10,186,5
18,0.000277778,b,0.733333333,17000,0.5,52.43658359,56.8963313,0.455397916,18.49222222,2,10,187,5
18,0.000277778,c,0.733333333,17000,0.5,51.94904788,65.49611889,0.538731249,27.49222222,2,10,188,5
18,0.000277778,a,0.9,17000,0.5,55.69398161,32.33543019,,25.32,2,6,189,5
18,0.000277778,b,0.9,17000,0.5,59.07157483,41.7898658,3.991795421,26.27,2,10,190,5
18,0.000277778,c,0.9,17000,0.5,54.63254158,37.10774349,0.374295421,35.27,2,10,191,5
18,0.000277778,a,0.4,21000,0.5,53.5400026,31.86262495,,14.08,2,7,192,5
18,0.000277778,b,0.4,21000,0.5,54.20017254,43.67233123,0.674186371,15.03,2,10,193,5
18,0.000277778,c,0.4,21000,0.5,44.19141843,66.61602939,0.787797483,24.03,2,10,194,5
18,0.000277778,a,0.566666667,21000,0.5,61.09527979,40.10865115,,16.30222222,2,7,195,5
18,0.000277778,b,0.566666667,21000,0.5,54.18413257,34.52151274,5.084033517,17.25222222,2,10,196,5
18,0.000277778,c,0.566666667,21000,0.5,42.36923086,67.67379747,0.55986685,26.25222222,2,10,197,5
18,0.000277778,a,0.733333333,21000,0.5,39.82523994,49.73243962,,21.30222222,2,9,198,5
18,0.000277778,b,0.733333333,21000,0.5,32.85063936,48.87164084,1.204202667,22.25222222,2,10,199,5
18,0.000277778,c,0.733333333,21000,0.5,43.90916671,57.51387025,2.101424889,31.25222222,2,10,200,5
18,0.000277778,a,0.9,21000,0.5,30.51392296,62.68339311,1.577755671,29.08,2,10,201,5
18,0.000277778,b,0.9,21000,0.5,36.62567307,39.07629229,3.567200116,30.03,2,10,202,5
18,0.000277778,c,0.9,21000,0.5,32.4146573,38.09411418,0.393589005,39.03,2,10,203,5
18,0.000277778,a,0.4,25000,0.5,41.12623736,46.97995123,1.181715247,18.8,2,10,204,5
18,0.000277778,b,0.4,25000,0.5,43.93327977,63.90371795,1.506993024,19.75,2,10,205,5
18,0.000277778,c,0.4,25000,0.5,53.64889246,67.08485613,0.853381913,28.75,2,10,206,5
18,0.000277778,a,0.566666667,25000,0.5,61.0005252,37.61613453,1.110769586,21.02222222,2,10,207,5
18,0.000277778,b,0.566666667,25000,0.5,54.99017869,57.57836824,0.419936253,21.97222222,2,10,208,5
18,0.000277778,c,0.566666667,25000,0.5,36.38723733,47.8347472,0.434658475,30.97222222,2,10,209,5
18,0.000277778,a,0.733333333,25000,0.5,65.75050613,65.12441119,2.241465892,26.02222222,2,10,210,5
18,0.000277778,b,0.733333333,25000,0.5,59.22365064,41.82444405,0.410632559,26.97222222,2,10,211,5
18,0.000277778,c,0.733333333,25000,0.5,49.91072077,40.80815394,1.707854781,35.97222222,2,10,212,5
18,0.000277778,a,0.9,25000,0.5,55.74560878,30.8772758,0.970762332,33.8,2,10,213,5
18,0.000277778,b,0.9,25000,0.5,50.37900377,64.85403522,0.501317887,34.75,2,10,214,5
18,0.000277778,c,0.9,25000,0.5,36.72832632,36.64239119,0.293817887,43.75,2,10,215,5
18,0.000277778,a,0.4,5000,0.5,89.28601514,4.177758423,,4.8,0,0,0,6
18,0.000277778,b,0.4,5000,0.5,33.19798053,45.15631548,3.209863418,5.75,0,1,1,6
18,0.000277778,c,0.4,5000,0.5,82.12291231,81.6085832,5.252363418,14.75,0,1,2,6
18,0.000277778,a,0.566666667,5000,0.5,4.169662573,41.91977392,,7.022222222,0,0,3,6
18,0.000277778,b,0.566666667,5000,0.5,10.76566799,18.99591225,,7.972222222,0,0,4,6
18,0.000277778,c,0.566666667,5000,0.5,59.50520642,84.34105855,4.135459145,16.97222222,0,1,5,6
18,0.000277778,a,0.733333333,5000,0.5,52.98173622,10.72463186,,12.02222222,0,0,6,6
18,0.000277778,b,0.733333333,5000,0.5,41.88074286,28.80185884,,12.97222222,0,0,7,6
18,0.000277778,c,0.733333333,5000,0.5,33.54078493,21.69687884,2.203258834,21.97222222,0,1,8,6
18,0.000277778,a,0.9,5000,0.5,62.25194322,46.42672234,1.555340532,19.8,0,1,9,6
18,0.000277778,b,0.9,5000,0.5,43.81414261,31.9590387,1.585618309,20.75,0,1,10,6
18,0.000277778,c,0.9,5000,0.5,73.58821063,90.90941757,,29.75,0,0,11,6
18,0.000277778,a,0.4,9000,0.5,51.8036412,78.56273778,10.19072151,5.68,0,1,12,6
18,0.000277778,b,0.4,9000,0.5,57.88586002,70.57506846,2.565443733,6.63,0,1,13,6
18,0.000277778,c,0.4,9000,0.5,64.53550959,13.99034503,3.621277066,15.63,0,1,14,6
18,0.000277778,a,0.566666667,9000,0.5,99.02242714,61.18213352,,7.902222222,0,0,15,6
18,0.000277778,b,0.566666667,9000,0.5,81.98581969,85.1495027,5.000966818,8.852222222,0,1,16,6
18,0.000277778,c,0.566666667,9000,0.5,41.32009348,92.37684651,3.70568904,17.85222222,0,1,17,6
18,0.000277778,a,0.733333333,9000,0.5,87.62676552,66.22105871,,12.90222222,0,0,18,6
18,0.000277778,b,0.733333333,9000,0.5,82.37594326,25.89794738,3.490772339,13.85222222,0,1,19,6
18,0.000277778,c,0.733333333,9000,0.5,5.447450782,27.67996746,2.98188345,22.85222222,0,1,20,6
18,0.000277778,a,0.9,9000,0.5,71.86372366,63.54779919,,20.68,0,0,21,6
18,0.000277778,b,0.9,9000,0.5,80.21705624,72.44061089,,21.63,0,0,22,6
18,0.000277778,c,0.9,9000,0.5,73.64066438,30.5587254,0.949487338,30.63,0,1,23,6
18,0.000277778,a,0.4,13000,0.5,70.91317508,67.7962588,3.993894593,7.52,0,1,24,6
18,0.000277778,b,0.4,13000,0.5,54.09368543,50.64934419,0.445561259,8.47,0,1,25,6
18,0.000277778,c,0.4,13000,0.5,12.48241744,82.93857531,2.657505704,17.47,0,1,26,6
18,0.000277778,a,0.566666667,13000,0.5,95.76472955,68.32980593,,9.742222222,0,0,27,6
18,0.000277778,b,0.566666667,13000,0.5,40.32562987,91.01012165,4.646539974,10.69222222,0,1,28,6
18,0.000277778,c,0.566666667,13000,0.5,21.69511603,11.99396207,1.994317752,19.69222222,0,1,29,6
18,0.000277778,a,0.733333333,13000,0.5,71.72758465,83.9733133,5.270003111,14.74222222,0,1,30,6
18,0.000277778,b,0.733333333,13000,0.5,99.42074384,94.82698557,5.600558667,15.69222222,0,1,31,6
18,0.000277778,c,0.733333333,13000,0.5,25.56140556,57.36209319,0.672780889,24.69222222,0,1,32,6
18,0.000277778,a,0.9,13000,0.5,67.13094319,0.414502738,,22.52,0,0,33,6
18,0.000277778,b,0.9,13000,0.5,59.90059131,3.351228412,,23.47,0,0,34,6
18,0.000277778,c,0.9,13000,0.5,71.73321456,41.24660142,0.633953152,32.47,0,1,35,6
18,0.000277778,a,0.4,17000,0.5,93.73495346,45.82772471,12.60077581,10.32,0,1,36,6
18,0.000277778,b,0.4,17000,0.5,35.18097685,47.7651817,0.90938692,11.27,0,1,37,6
18,0.000277778,c,0.4,17000,0.5,25.36340975,68.14208545,1.060220253,20.27,0,1,38,6
18,0.000277778,a,0.566666667,17000,0.5,40.2472509,75.48914346,3.107737172,12.54222222,0,1,39,6
18,0.000277778,b,0.566666667,17000,0.5,74.65107172,82.07847197,2.471626061,13.49222222,0,1,40,6
18,0.000277778,c,0.566666667,17000,0.5,72.40705674,34.63091535,0.899403839,22.49222222,0,1,41,6
18,0.000277778,a,0.733333333,17000,0.5,40.61077961,61.4950115,0.668175694,17.54222222,0,1,42,6
18,0.000277778,b,0.733333333,17000,0.5,98.93798483,39.28673464,4.574286805,18.49222222,0,1,43,6
18,0.000277778,c,0.733333333,17000,0.5,45.04992807,72.53456536,0.551231249,27.49222222,0,1,44,6
18,0.000277778,a,0.9,17000,0.5,37.38084341,56.34726398,0.553739866,25.32,0,1,45,6
18,0.000277778,b,0.9,17000,0.5,70.96286062,59.47785358,0.901795421,26.27,0,1,46,6
18,0.000277778,c,0.9,17000,0.5,8.245855331,38.77366173,1.239850977,35.27,0,1,47,6
18,0.000277778,a,0.4,21000,0.5,39.83729188,63.4460336,1.212241927,14.08,0,1,48,6
18,0.000277778,b,0.4,21000,0.5,77.08809663,86.77924764,3.65557526,15.03,0,1,49,6
18,0.000277778,c,0.4,21000,0.5,76.47509835,65.16937758,1.587519705,24.03,0,1,50,6
18,0.000277778,a,0.566666667,21000,0.5,28.38593836,12.85940198,5.282922406,16.30222222,0,1,51,6
18,0.000277778,b,0.566666667,21000,0.5,18.95421904,8.873827959,3.301811295,17.25222222,0,1,52,6
18,0.000277778,c,0.566666667,21000,0.5,47.12509647,67.74663781,0.352644628,26.25222222,0,1,53,6
18,0.000277778,a,0.733333333,21000,0.5,33.48060445,35.55940962,0.982813778,21.30222222,0,1,54,6
18,0.000277778,b,0.733333333,21000,0.5,73.47350437,31.47263464,1.049758223,22.25222222,0,1,55,6
18,0.000277778,c,0.733333333,21000,0.5,18.91071155,89.00536399,0.966980445,31.25222222,0,1,56,6
18,0.000277778,a,0.9,21000,0.5,33.11040741,86.39153776,3.226089005,29.08,0,1,57,6
18,0.000277778,b,0.9,21000,0.5,84.42284208,80.56623217,1.614977893,30.03,0,1,58,6
18,0.000277778,c,0.9,21000,0.5,61.50240343,35.73232617,0.146089005,39.03,0,1,59,6
18,0.000277778,a,0.4,25000,0.5,88.52640797,64.07812555,7.05004858,18.8,0,1,60,6
18,0.000277778,b,0.4,25000,0.5,97.65530204,59.88325474,5.920881913,19.75,0,1,61,6
18,0.000277778,c,0.4,25000,0.5,83.69085929,23.55423558,1.752270802,28.75,0,1,62,6
18,0.000277778,a,0.566666667,25000,0.5,18.08246261,58.96962626,3.391325141,21.02222222,0,1,63,6
18,0.000277778,b,0.566666667,25000,0.5,61.84105085,99.70066325,3.683269586,21.97222222,0,1,64,6
18,0.000277778,c,0.566666667,25000,0.5,47.61088733,5.2474637,1.676880697,30.97222222,0,1,65,6
18,0.000277778,a,0.733333333,25000,0.5,40.41566547,23.75204339,1.848965892,26.02222222,0,1,66,6
18,0.000277778,b,0.733333333,25000,0.5,74.18836875,33.09867669,0.968410337,26.97222222,0,1,67,6
18,0.000277778,c,0.733333333,25000,0.5,82.59332892,80.09341902,1.026188114,35.97222222,0,1,68,6
18,0.000277778,a,0.9,25000,0.5,68.32298305,44.36794406,0.844095665,33.8,0,1,69,6
18,0.000277778,b,0.9,25000,0.5,13.92716055,6.272351305,2.116595665,34.75,0,1,70,6
18,0.000277778,c,0.9,25000,0.5,70.28250574,31.82567838,0.138817887,43.75,0,1,71,6
18,0.000277778,a,0.4,5000,0.5,5.883729016,83.05192966,,4.8,1,0,72,6
18,0.000277778,b,0.4,5000,0.5,19.26654748,73.84472519,,5.75,1,0,73,6
18,0.000277778,c,0.4,5000,0.5,92.4793765,27.88349051,,14.75,1,0,74,6
18,0.000277778,a,0.566666667,5000,0.5,40.51024574,72.8600153,,7.022222222,1,0,75,6
18,0.000277778,b,0.566666667,5000,0.5,14.82915326,31.969344,,7.972222222,1,0,76,6
18,0.000277778,c,0.566666667,5000,0.5,68.22871307,15.2541383,,16.97222222,1,0,77,6
18,0.000277778,a,0.733333333,5000,0.5,16.34887508,98.48783929,,12.02222222,1,0,78,6
18,0.000277778,b,0.733333333,5000,0.5,64.82252411,26.16300474,,12.97222222,1,0,79,6
18,0.000277778,c,0.733333333,5000,0.5,25.16141432,60.86272093,,21.97222222,1,0,80,6
18,0.000277778,a,0.9,5000,0.5,4.13755013,91.75849114,,19.8,1,0,81,6
18,0.000277778,b,0.9,5000,0.5,95.87226003,64.29903579,,20.75,1,0,82,6
18,0.000277778,c,0.9,5000,0.5,6.622048081,42.67795303,,29.75,1,0,83,6
18,0.000277778,a,0.4,9000,0.5,51.29401861,39.721598,0.719610399,5.68,1,1,84,6
18,0.000277778,b,0.4,9000,0.5,34.12965912,4.890659537,,6.63,1,0,85,6
18,0.000277778,c,0.4,9000,0.5,66.00098186,8.124660268,,15.63,1,0,86,6
18,0.000277778,a,0.566666667,9000,0.5,84.44273371,45.06804882,,7.902222222,1,0,87,6
18,0.000277778,b,0.566666667,9000,0.5,60.38665567,92.231935,,8.852222222,1,0,88,6
18,0.000277778,c,0.566666667,9000,0.5,58.7213691,23.3369453,,17.85222222,1,0,89,6
18,0.000277778,a,0.733333333,9000,0.5,11.70330355,86.88592371,,12.90222222,1,0,90,6
18,0.000277778,b,0.733333333,9000,0.5,71.04503354,80.62270065,,13.85222222,1,0,91,6
18,0.000277778,c,0.733333333,9000,0.5,20.45232578,17.41540255,,22.85222222,1,0,92,6
18,0.000277778,a,0.9,9000,0.5,49.03677933,31.23774638,,20.68,1,0,93,6
18,0.000277778,b,0.9,9000,0.5,3.660853044,42.83972502,2.314765116,21.63,1,1,94,6
18,0.000277778,c,0.9,9000,0.5,31.54035756,85.92736902,,30.63,1,0,95,6
18,0.000277778,a,0.4,13000,0.5,86.30304071,63.41559358,,7.52,1,0,96,6
18,0.000277778,b,0.4,13000,0.5,55.84666182,82.47941149,1.947505704,8.47,1,1,97,6
18,0.000277778,c,0.4,13000,0.5,54.67078263,49.70520903,0.408061259,17.47,1,1,98,6
18,0.000277778,a,0.566666667,13000,0.5,36.78246589,58.24607402,0.713484418,9.742222222,1,1,99,6
18,0.000277778,b,0.566666667,13000,0.5,82.81566851,45.39122339,,10.69222222,1,0,100,6
18,0.000277778,c,0.566666667,13000,0.5,27.63504594,25.82716732,1.602651085,19.69222222,1,1,101,6
18,0.000277778,a,0.733333333,13000,0.5,12.56583417,61.83366283,,14.74222222,1,0,102,6
18,0.000277778,b,0.733333333,13000,0.5,56.27810795,57.54175209,0.377780889,15.69222222,1,1,103,6
18,0.000277778,c,0.733333333,13000,0.5,26.73390054,86.74132881,,24.69222222,1,0,104,6
18,0.000277778,a,0.9,13000,0.5,77.50349283,92.45765954,,22.52,1,0,105,6
18,0.000277778,b,0.9,13000,0.5,17.94063455,57.41522517,,23.47,1,0,106,6
18,0.000277778,c,0.9,13000,0.5,78.32566713,69.40825648,1.365342041,32.47,1,1,107,6
18,0.000277778,a,0.4,17000,0.5,60.79963208,39.2196785,0.333831364,10.32,1,1,108,6
18,0.000277778,b,0.4,17000,0.5,4.174887615,67.64406534,,11.27,1,0,109,6
18,0.000277778,c,0.4,17000,0.5,56.12751322,99.82120607,,20.27,1,0,110,6
18,0.000277778,a,0.566666667,17000,0.5,66.81377348,94.03822149,,12.54222222,1,0,111,6
18,0.000277778,b,0.566666667,17000,0.5,93.83926067,14.12370633,,13.49222222,1,0,112,6
18,0.000277778,c,0.566666667,17000,0.5,78.60058588,93.81683195,2.821348283,22.49222222,1,1,113,6
18,0.000277778,a,0.733333333,17000,0.5,75.04304715,3.865757747,2.528731249,17.54222222,1,1,114,6
18,0.000277778,b,0.733333333,17000,0.5,49.70509758,2.518466674,6.370953471,18.49222222,1,1,115,6
18,0.000277778,c,0.733333333,17000,0.5,4.273250165,17.77987821,,27.49222222,1,0,116,6
18,0.000277778,a,0.9,17000,0.5,81.68674964,30.50479219,,25.32,1,0,117,6
18,0.000277778,b,0.9,17000,0.5,1.362374419,98.47472945,4.576795421,26.27,1,1,118,6
18,0.000277778,c,0.9,17000,0.5,55.00411857,94.34614478,,35.27,1,0,119,6
18,0.000277778,a,0.4,21000,0.5,56.67967713,76.39555679,,14.08,1,0,120,6
18,0.000277778,b,0.4,21000,0.5,11.29183348,62.30900824,,15.03,1,0,121,6
18,0.000277778,c,0.4,21000,0.5,6.277623983,96.888358,1.768908594,24.03,1,1,122,6
18,0.000277778,a,0.566666667,21000,0.5,57.4724225,57.30162689,0.688477962,16.30222222,1,1,123,6
18,0.000277778,b,0.566666667,21000,0.5,48.54852658,21.32195458,1.024311295,17.25222222,1,1,124,6
18,0.000277778,c,0.566666667,21000,0.5,30.14220971,13.34537619,0.968755739,26.25222222,1,1,125,6
18,0.000277778,a,0.733333333,21000,0.5,3.979555805,76.37594245,2.451424889,21.30222222,1,1,126,6
18,0.000277778,b,0.733333333,21000,0.5,63.38941365,52.73183046,,22.25222222,1,0,127,6
18,0.000277778,c,0.733333333,21000,0.5,12.43356832,81.73946012,1.836702667,31.25222222,1,1,128,6
18,0.000277778,a,0.9,21000,0.5,1.160584442,79.38510558,,29.08,1,0,129,6
18,0.000277778,b,0.9,21000,0.5,27.66665887,67.01770038,3.13664456,30.03,1,1,130,6
18,0.000277778,c,0.9,21000,0.5,30.15455401,77.67581809,0.541089005,39.03,1,1,131,6
18,0.000277778,a,0.4,25000,0.5,18.03176315,68.81448421,,18.8,1,0,132,6
18,0.000277778,b,0.4,25000,0.5,6.697796308,42.87647624,2.09754858,19.75,1,1,133,6
18,0.000277778,c,0.4,25000,0.5,77.92339535,83.01449879,1.943937469,28.75,1,1,134,6
18,0.000277778,a,0.566666667,25000,0.5,40.07484742,91.58900638,,21.02222222,1,0,135,6
18,0.000277778,b,0.566666667,25000,0.5,24.58148513,77.74417941,4.648825141,21.97222222,1,1,136,6
18,0.000277778,c,0.566666667,25000,0.5,52.37721879,8.584965751,1.164936253,30.97222222,1,1,137,6
18,0.000277778,a,0.733333333,25000,0.5,25.49856939,94.96794808,,26.02222222,1,0,138,6
18,0.000277778,b,0.733333333,25000,0.5,85.19084618,47.7125701,,26.97222222,1,0,139,6
18,0.000277778,c,0.733333333,25000,0.5,48.35035781,88.54902367,0.72924367,35.97222222,1,1,140,6
18,0.000277778,a,0.9,25000,0.5,62.31499511,8.495536384,,33.8,1,0,141,6
18,0.000277778,b,0.9,25000,0.5,97.30725049,93.82320761,,34.75,1,0,142,6
18,0.000277778,c,0.9,25000,0.5,35.47475295,31.48569248,0.290206776,43.75,1,1,143,6
18,0.000277778,a,0.4,5000,0.5,38.98582537,46.84247927,,4.8,2,8,144,6
18,0.000277778,b,0.4,5000,0.5,69.14855223,57.41353953,,5.75,2,7,145,6
18,0.000277778,c,0.4,5000,0.5,53.48297684,33.63256988,5.551807863,14.75,2,10,146,6
18,0.000277778,a,0.566666667,5000,0.5,69.26725555,38.32060179,,7.022222222,2,6,147,6
18,0.000277778,b,0.566666667,5000,0.5,68.74664321,53.32044457,,7.972222222,2,8,148,6
18,0.000277778,c,0.566666667,5000,0.5,58.20415743,45.41006447,,16.97222222,2,7,149,6
18,0.000277778,a,0.733333333,5000,0.5,30.77543236,34.25598045,,12.02222222,2,0,150,6
18,0.000277778,b,0.733333333,5000,0.5,54.51321558,30.40339905,,12.97222222,2,0,151,6
18,0.000277778,c,0.733333333,5000,0.5,39.98236676,65.84560082,,21.97222222,2,8,152,6
18,0.000277778,a,0.9,5000,0.5,35.17742829,56.72101529,,19.8,2,5,153,6
18,0.000277778,b,0.9,5000,0.5,44.6504454,42.95726939,,20.75,2,9,154,6
18,0.000277778,c,0.9,5000,0.5,38.0037402,65.44267344,,29.75,2,9,155,6
18,0.000277778,a,0.4,9000,0.5,60.65925655,68.68889218,,5.68,2,0,156,6
18,0.000277778,b,0.4,9000,0.5,67.3672466,33.26164533,,6.63,2,1,157,6
18,0.000277778,c,0.4,9000,0.5,31.05609592,40.41921209,2.400999288,15.63,2,10,158,6
18,0.000277778,a,0.566666667,9000,0.5,40.24254417,51.18686202,2.21568904,7.902222222,2,10,159,6
18,0.000277778,b,0.566666667,9000,0.5,40.64792181,66.82592816,,8.852222222,2,6,160,6
18,0.000277778,c,0.566666667,9000,0.5,35.69310854,39.32225496,1.402355707,17.85222222,2,10,161,6
18,0.000277778,a,0.733333333,9000,0.5,68.05997243,67.41403205,,12.90222222,2,0,162,6
18,0.000277778,b,0.733333333,9000,0.5,39.9044781,66.04511947,1.086605672,13.85222222,2,10,163,6
18,0.000277778,c,0.733333333,9000,0.5,44.24744659,43.52824468,0.418827895,22.85222222,2,10,164,6
18,0.000277778,a,0.9,9000,0.5,31.95756352,39.00941989,,20.68,2,0,165,6
18,0.000277778,b,0.9,9000,0.5,39.52522685,37.33424616,1.383098449,21.63,2,10,166,6
18,0.000277778,c,0.9,9000,0.5,65.31299022,32.19909965,0.936431782,30.63,2,10,167,6
18,0.000277778,a,0.4,13000,0.5,68.57732064,68.24319798,,7.52,2,0,168,6
18,0.000277778,b,0.4,13000,0.5,56.24111296,35.87247575,4.478894593,8.47,2,10,169,6
18,0.000277778,c,0.4,13000,0.5,41.87444427,68.31093167,4.973616815,17.47,2,10,170,6
18,0.000277778,a,0.566666667,13000,0.5,32.37343891,43.56510271,,9.742222222,2,5,171,6
18,0.000277778,b,0.566666667,13000,0.5,64.5774594,32.37248154,,10.69222222,2,9,172,6
18,0.000277778,c,0.566666667,13000,0.5,36.2056359,62.76925357,3.668762196,19.69222222,2,10,173,6
18,0.000277778,a,0.733333333,13000,0.5,40.7819236,62.13610064,,14.74222222,2,4,174,6
18,0.000277778,b,0.733333333,13000,0.5,51.92818603,48.53297703,,15.69222222,2,7,175,6
18,0.000277778,c,0.733333333,13000,0.5,40.0910976,60.89418509,3.003058667,24.69222222,2,10,176,6
18,0.000277778,a,0.9,13000,0.5,63.78712343,59.95276864,,22.52,2,8,177,6
18,0.000277778,b,0.9,13000,0.5,50.0885953,48.0276862,0.230342041,23.47,2,10,178,6
18,0.000277778,c,0.9,13000,0.5,49.38757573,41.33485758,0.315342041,32.47,2,10,179,6
18,0.000277778,a,0.4,17000,0.5,66.21034524,35.6995801,12.82272025,10.32,2,10,180,6
18,0.000277778,b,0.4,17000,0.5,66.61073543,66.40335231,2.447442475,11.27,2,10,181,6
18,0.000277778,c,0.4,17000,0.5,39.66510815,33.1642299,1.192998031,20.27,2,10,182,6
18,0.000277778,a,0.566666667,17000,0.5,30.75067569,59.02643313,,12.54222222,2,6,183,6
18,0.000277778,b,0.566666667,17000,0.5,56.81158785,33.10729425,1.347737172,13.49222222,2,10,184,6
18,0.000277778,c,0.566666667,17000,0.5,40.82253634,56.79821734,3.161348283,22.49222222,2,10,185,6
18,0.000277778,a,0.733333333,17000,0.5,30.57225806,32.41174422,2.459286805,17.54222222,2,10,186,6
18,0.000277778,b,0.733333333,17000,0.5,33.88521565,34.45015907,1.249564583,18.49222222,2,10,187,6
18,0.000277778,c,0.733333333,17000,0.5,46.75350822,49.01371988,2.448731249,27.49222222,2,10,188,6
18,0.000277778,a,0.9,17000,0.5,34.82192908,33.23831585,,25.32,2,9,189,6
18,0.000277778,b,0.9,17000,0.5,38.2835599,31.2781204,1.02568431,26.27,2,10,190,6
18,0.000277778,c,0.9,17000,0.5,59.80221863,55.58469233,0.409017643,35.27,2,10,191,6
18,0.000277778,a,0.4,21000,0.5,48.22751982,65.8069709,,14.08,2,6,192,6
18,0.000277778,b,0.4,21000,0.5,34.54038538,49.32930426,3.262241927,15.03,2,10,193,6
18,0.000277778,c,0.4,21000,0.5,38.6129466,63.50642074,3.432519705,24.03,2,10,194,6
18,0.000277778,a,0.566666667,21000,0.5,67.20973017,58.3594952,,16.30222222,2,9,195,6
18,0.000277778,b,0.566666667,21000,0.5,30.31578992,67.32119718,0.943200184,17.25222222,2,10,196,6
18,0.000277778,c,0.566666667,21000,0.5,55.67487358,68.97423293,0.536533517,26.25222222,2,10,197,6
18,0.000277778,a,0.733333333,21000,0.5,55.78650111,53.52627565,,21.30222222,2,9,198,6
18,0.000277778,b,0.733333333,21000,0.5,57.21005122,67.84301343,0.882813778,22.25222222,2,10,199,6
18,0.000277778,c,0.733333333,21000,0.5,53.12613858,58.21380727,1.919758223,31.25222222,2,10,200,6
18,0.000277778,a,0.9,21000,0.5,61.38112859,48.58696286,0.991089005,29.08,2,10,201,6
18,0.000277778,b,0.9,21000,0.5,62.87388729,66.60102245,3.50164456,30.03,2,10,202,6
18,0.000277778,c,0.9,21000,0.5,55.87317341,53.18380378,1.561089005,39.03,2,10,203,6
18,0.000277778,a,0.4,25000,0.5,37.18558523,39.5679826,,18.8,2,9,204,6
18,0.000277778,b,0.4,25000,0.5,59.05092014,45.58003852,1.035326358,19.75,2,10,205,6
18,0.000277778,c,0.4,25000,0.5,41.38848351,46.88463604,3.365881913,28.75,2,10,206,6
18,0.000277778,a,0.566666667,25000,0.5,63.65906206,36.56242038,,21.02222222,2,9,207,6
18,0.000277778,b,0.566666667,25000,0.5,52.80668584,30.99999188,1.213825141,21.97222222,2,10,208,6
18,0.000277778,c,0.566666667,25000,0.5,33.41070487,32.10445404,0.743547364,30.97222222,2,10,209,6
18,0.000277778,a,0.733333333,25000,0.5,66.43808785,57.1346608,1.67924367,26.02222222,2,10,210,6
18,0.000277778,b,0.733333333,25000,0.5,48.49823645,40.15502228,0.524521448,26.97222222,2,10,211,6
18,0.000277778,c,0.733333333,25000,0.5,67.71614805,36.08219908,0.64424367,35.97222222,2,10,212,6
18,0.000277778,a,0.9,25000,0.5,31.61969128,37.90332134,,33.8,2,9,213,6
18,0.000277778,b,0.9,25000,0.5,34.29819878,62.73133199,3.056317887,34.75,2,10,214,6
18,0.000277778,c,0.9,25000,0.5,60.22878351,65.67045962,0.356873443,43.75,2,10,215,6
